direction,b5,b6,T,M,NK,CTL,B,logT,phase,newton_converged,residual_raw,residual_scaled,max_real_eig,stable
up,0.0001,2.4999999999999994e-7,9.747137895120975e6,487382.3238411307,716.6093496254604,15.760516688502902,205.09459656391687,6.988877154733448,tumor_dominant,true,1.2307737051742151e-9,6.014450142465481e-14,-0.09511125322010108,true
up,0.0001,2.6561876837369643e-7,9.746817484616784e6,487366.3345006616,716.6328103188642,15.76103142589944,205.10132247401492,6.988862878256771,tumor_dominant,true,1.5241994333337061e-9,6.564750236454584e-14,-0.09510526817200479,true
up,0.0001,2.822133204494382e-7,9.746477044656789e6,487349.34563569515,716.6577392686756,15.761578377401063,205.108469317105,6.98884770881677,tumor_dominant,true,1.2166765372967348e-9,3.601499217092497e-14,-0.09509890948793245,true
up,0.0001,2.998446183857244e-7,9.746115322378663e6,487331.29472484026,716.6842285331632,15.76215956279452,205.1160634853877,6.988831590491377,tumor_dominant,true,1.359921952825971e-9,3.334197095771666e-14,-0.09509215386077367,true
up,0.0001,3.1857743295638923e-7,9.745730986451186e6,487312.1153308621,716.7123759644223,15.762777128983943,205.1241330321109,6.988814463847471,tumor_dominant,true,1.5786554286023602e-9,1.3335472210724177e-13,-0.09508497653210107,true
up,0.0001,3.384805814941199e-7,9.74532262214634e6,487291.73685477226,716.7422855758427,15.763433358053137,205.1327077769211,6.988796265719285,tumor_dominant,true,1.3749286154052243e-9,3.556476984328885e-14,-0.0950773512014785,true
up,0.0001,3.5962718069952363e-7,9.744888726100627e6,487270.0842743861,716.7740679332416,15.764130675846912,205.14181941800044,6.988776928972679,tumor_dominant,true,3.325340003357269e-10,5.1619590235050576e-14,-0.0950692499307098,true
up,0.0001,3.82094915244449e-7,9.744427700745095e6,487247.07786637294,716.8078405712387,15.764871661106335,205.15150165144144,6.988756382254361,tumor_dominant,true,8.546976459911093e-10,5.6113069634225806e-14,-0.09506064304479034,true
up,0.0001,4.0596632315633076e-7,9.74393784838331e6,487222.63291071646,716.8437284365583,15.765659055194558,205.16179029834078,6.988734549725066,tumor_dominant,true,5.414904080680571e-10,9.991237421940642e-14,-0.09505149902001792,true
up,0.0001,4.3132909903193055e-7,9.743417364894511e6,487196.6593764853,716.8818643600499,15.766495772452911,205.17272344012744,6.988711350775646,tumor_dominant,true,4.948788046021946e-10,5.696350848865854e-14,-0.09504178437333968,true
up,0.0001,4.582764161943911e-7,9.742864333038248e6,487169.061587699,716.9223895593642,15.767384911229266,205.1843415626806,6.98868669972496,tumor_dominant,true,1.1802967492258176e-9,2.395927250393233e-14,-0.09503146353802931,true
up,0.0001,4.869072689770628e-7,9.74227671533442e6,487139.7378680222,716.9654541743447,15.768329765624522,205.19668770982702,6.988660505498345,tumor_dominant,true,6.958771336940117e-10,3.763565311645497e-14,-0.09502049873556909,true
up,0.0001,5.173268363915514e-7,9.741652346491767e6,487108.58016291214,717.0112178373579,15.769333838005247,205.2098076468559,6.988632671285396,tumor_dominant,true,5.611582309938967e-10,5.716446833485421e-14,-0.09500884983953435,true
up,0.0001,5.496468685159386e-7,9.740988925355649e6,487075.47363777715,717.0598502809286,15.770400852334859,205.22375003472928,6.988603094175691,tumor_dominant,true,1.2114469427615404e-9,3.7215216219901056e-14,-0.09499647423149211,true
up,0.0001,5.83986097022652e-7,9.740284006344e6,487040.29625059833,717.1115319852402,15.771534768379553,205.2385666157239,6.988571664770977,tumor_dominant,true,2.0236257114447653e-10,1.2192962379341185e-13,-0.09498332664331889,true
up,0.0001,6.204706713540754e-7,9.739534990338251e6,487002.9182973469,717.1664548682329,15.772739796848494,205.25431241128524,6.988538266772261,tumor_dominant,true,5.013589543523267e-10,1.6069745636237982e-14,-0.09496935899795617,true
up,0.0001,6.592346221482804e-7,9.738739114994282e6,486963.20192845154,717.2248230212465,15.774020415533275,205.27104593294038,6.988502776540118,tumor_dominant,true,1.7121237760875374e-10,1.602973035392963e-14,-0.09495452023125726,true
up,0.0001,7.00420353617303e-7,9.737893444435136e6,486921.00063442555,717.2868534933679,15.775381386515999,205.28882940717628,6.988465062626408,tumor_dominant,true,4.426965460879728e-10,5.440118432921892e-14,-0.09493875611500119,true
up,0.0001,7.44179166686788e-7,9.736994858285693e6,486876.1586986409,717.3527771278859,15.776827774520363,205.30772901525816,6.988424985275477,tumor_dominant,true,1.356966095045209e-9,1.9591143065833476e-14,-0.09492200905071298,true
up,0.0001,7.906718148188353e-7,9.736040040006226e6,486828.51061511703,717.4228394545222,15.77836496648629,205.32781514904102,6.988382395892785,tumor_dominant,true,5.243236955720931e-10,3.7644541714941124e-14,-0.09490421787305256,true
up,0.0001,8.400690945598977e-7,9.7350254644786e6,486777.88046901143,717.4973016413837,15.779998692454887,205.34916268390324,6.98833713647869,tumor_dominant,true,1.0529674909776077e-9,5.708713794834349e-14,-0.09488531762704416,true
up,0.0001,8.925524729832274e-7,9.733947384796511e6,486724.0812773884,717.5764415108829,15.781735047856577,205.37185127002488,6.988289039025067,tumor_dominant,true,1.4210854715202004e-9,3.7586254386267206e-14,-0.09486523933165208,true
up,0.0001,9.483147543308075e-7,9.732801818207208e6,486666.91428762744,717.6605546242316,15.7835805173037,205.39596564332558,6.988237924872142,tumor_dominant,true,4.5156411943025887e-10,4.5724357732604316e-14,-0.0948439097361049,true
up,0.0001,1.0075607883038165e-6,9.731584531148085e6,486606.16823068005,717.7499554394482,15.785541999995498,205.4215959574832,6.988183604022818,tumor_dominant,true,1.5504610928473994e-9,7.658763713440495e-14,-0.09482125105552833,true
up,0.0001,1.070508222603562e-6,9.730291023319181e6,486541.61852618895,717.8449785482522,15.787626836854008,205.44883813857138,6.988125874411515,tumor_dominant,true,1.3842509360983968e-9,3.288591602597337e-14,-0.09479718069747116,true
up,0.0001,1.1373883024874944e-6,9.728916510726303e6,486473.0264362478,717.9459799976181,15.789842839517027,205.4777942639746,6.988064521124339,tumor_dominant,true,1.2300915841478854e-9,8.111950932813855e-14,-0.09477161096213894,true
up,0.0001,1.2084467202775105e-6,9.727455907626703e6,486400.13816438505,718.0533387022821,15.792198321325955,205.50857296738099,6.987999315567131,tumor_dominant,true,1.0722942533902824e-9,2.7620980469775678e-14,-0.09474444873346552,true
up,0.0001,1.2839445179413834e-6,9.725903807303783e6,486322.68389609177,718.1674579549777,15.794702130458024,205.54128987180113,6.987930014577727,tumor_dominant,true,1.0040821507573128e-9,4.688048183231397e-14,-0.09471559514611835,true
up,0.0001,1.3641590460629988e-6,9.724254461591208e6,486240.37677695503,718.2887670417813,15.797363685363806,205.57606805272636,6.987856359478382,tumor_dominant,true,9.026734915096313e-10,7.043713423281473e-14,-0.0946849452395695,true
up,0.0001,1.4493849827243648e-6,9.722501759062588e6,486152.9118241784,718.4177229705706,15.800193012686135,205.6130385337228,6.987778075064083,tumor_dominant,true,7.248672773130238e-10,8.229954637567728e-14,-0.09465238757803032,true
up,0.0001,1.5399354160423085e-6,9.720639201795718e6,486059.96476695285,718.5548123212806,15.803200787850775,205.65234081695323,6.987694868522082,tumor_dominant,true,1.875378075055778e-9,3.8298449155926726e-14,-0.0946178038669798,true
up,0.0001,1.6361429943367788e-6,9.718659880613945e6,485961.19081082364,718.7005532274343,15.806398378536617,205.6941234513422,6.987606428277601,tumor_dominant,true,1.5024852473288774e-9,5.2391147827350445e-14,-0.09458106852785578,true
up,0.0001,1.7383611481559481e-6,9.716556448699722e6,485856.22332082345,718.8554974992492,15.809797891251359,205.7385446413412,6.987512422760247,tumor_dominant,true,3.292370820418e-10,4.245024654978601e-14,-0.09454204825866722,true
up,0.0001,1.8469653886474714e-6,9.714321093468929e6,485744.6724177701,719.02023289955,15.813412221259167,205.7857728995162,6.987412499085253,tumor_dominant,true,7.803464541211724e-10,4.7955357538249856e-14,-0.09450060157295864,true
up,0.0001,1.962354687045552e-6,9.711945506583668e6,485626.12348167534,719.1953855847789,15.817255106129455,205.83598774647777,6.987306281643094,tumor_dominant,true,1.407897798344493e-9,9.21216860253225e-14,-0.09445657829205963,true
up,0.0001,2.0849529403415604e-6,9.709420851974543e6,485500.13555579045,719.3816227245003,15.821341183201042,205.88938046200377,6.987193370590548,tumor_dominant,true,1.0331859812140465e-9,6.133076281501848e-14,-0.09440981903186704,true
up,0.0001,2.215210528522574e-6,9.706737731731778e6,485366.2396442686,719.579655314098,15.825686051283707,205.94615489156388,6.987073340235616,tumor_dominant,true,7.385096978396177e-10,1.0759751953253932e-13,-0.09436015463754702,true
up,0.0001,2.3536059690984453e-6,9.70388614971382e6,485223.93689592334,719.7902411967483,15.830306336950086,206.00652831286553,6.986945737308068,tumor_dominant,true,1.013177097775042e-9,4.477625858808838e-14,-0.09430740561101014,true
up,0.0001,2.5006476749956425e-6,9.700855472711297e6,485072.69666592695,720.0141883123493,15.83521976580526,206.07073236748653,6.986810079106657,tumor_dominant,true,7.439666660502553e-10,2.1241848612851612e-14,-0.09425138147060366,true
up,0.0001,2.6568758222755607e-6,9.697634388989236e6,484911.9544466745,720.2523581927989,15.840445239159944,206.13901406316532,6.986665851513186,tumor_dominant,true,9.522409527562559e-10,8.507966217141186e-14,-0.09419188010644607,true
up,0.0001,2.822864334538752e-6,9.694210864018485e6,484741.10965831875,720.5056697250166,15.84600291657562,206.21163685287715,6.986512506862777,tumor_dominant,true,4.2018655221909285e-10,6.049264060520001e-14,-0.0941286870779118,true
up,0.0001,2.9992229913048705e-6,9.690572093189526e6,484559.52328869386,720.7751032052389,15.851914304798383,206.28888179745593,6.986349461658615,tumor_dominant,true,2.801243681460619e-10,3.9266332556925263e-14,-0.09406157488058019,true
up,0.0001,3.1865996681139003e-6,9.686704451286629e6,484366.5153715036,721.0617047106184,15.85820235365152,206.3710488192211,6.986176094118394,tumor_dominant,true,6.766640581190586e-10,6.213683137163171e-14,-0.09399030216558579,true
up,0.0001,3.385682716577777e-6,9.682593438480342e6,484161.36229072063,721.366590816852,15.864891559517469,206.45845805485735,6.985991741538407,tumor_dominant,true,4.729372449219227e-10,3.465403086632249e-14,-0.09391461291151632,true
up,0.0001,3.597203493126007e-6,9.67822362257622e6,483943.2938980936,721.6909536937121,15.872008077107308,206.55145131668624,6.985795697459865,tumor_dominant,true,1.2632881407625973e-9,9.635404726305279e-14,-0.09383423556304335,true
up,0.0001,3.821939045734755e-6,9.67357857723486e6,483711.49042953365,722.0360666137891,15.879579840292518,206.6503936724642,6.985587208620493,tumor_dominant,true,4.511093720793724e-10,3.696413375056324e-14,-0.09374888209561666,true
up,0.0001,4.060714968509634e-6,9.668640815852983e6,483465.0792049061,722.4032899137015,15.887636692859532,206.75567515496908,6.985365471672694,tumor_dominant,true,8.521965355612338e-10,1.9681612874884737e-14,-0.09365824705409737,true
up,0.0001,4.31440843460865e-6,9.6633917207681e6,483203.1310943447,722.7940774514909,15.896210530145362,206.86771261391564,6.98512962964768,tumor_dominant,true,1.7644197214394808e-10,3.732705316060563e-14,-0.09356200651104335,true
up,0.0001,4.58395141864735e-6,9.657811467417687e6,482924.6567326885,723.2099836089125,15.905335452622698,206.98695172418346,6.98487876814277,tumor_dominant,true,4.4929038267582655e-10,1.5433205509925004e-14,-0.09345981697895187,true
up,0.0001,4.870334120423881e-6,9.65187894305055e6,482628.60246193246,723.6526708930816,15.915047932628209,207.1138691659757,6.984611911206605,tumor_dominant,true,1.1168594937771559e-9,8.617020803039148e-14,-0.09335131426150337,true
up,0.0001,5.174608602541527e-6,9.645571659549056e6,482313.8459796561,724.1239181984159,15.925386995570054,207.24897499440374,6.984328016894289,tumor_dominant,true,8.003553375601768e-10,1.3623865758974912e-13,-0.09323611222706824,true
up,0.0001,5.497892655292072e-6,9.638865659879534e6,481979.19166932465,724.6256297972227,15.936394417113227,207.3928152181045,6.984025972461337,tumor_dominant,true,1.724401954561472e-9,5.3388451154788187e-14,-0.09311380151909682,true
up,0.0001,5.841373902997888e-6,9.631735417639898e6,481623.36558593746,725.1598451357407,15.948114938026267,207.545974608936,6.983704589161794,tumor_dominant,true,9.458744898438454e-10,8.63953069102706e-14,-0.09298394819155475,true
up,0.0001,6.206314166898218e-6,9.624153729120584e6,481245.0100678897,725.7287495221332,15.96059649858593,207.7090797675724,6.983362596611825,tumor_dominant,true,1.0077201295644045e-9,2.6944161430724427e-14,-0.09284609225561016,true
up,0.0001,6.594054100606915e-6,9.61609159723636e6,480842.677942901,726.3346858040303,15.973890494678981,207.88280247300762,6.9829986366756325,tumor_dominant,true,9.858922567218542e-10,1.1237835949322321e-13,-0.09269974615355836,true
up,0.0001,7.006018115170941e-6,9.607518106617326e6,480414.82629254146,726.9801671460069,15.988052058020912,208.06786334764888,6.982611256825194,tumor_dominant,true,1.1114025255665183e-9,8.447472553599415e-14,-0.09254439312613796,true
up,0.0001,7.443719611822047e-6,9.598400289074205e6,479959.80973607406,727.6678910321059,16.003140363234134,208.26503587390408,6.982198902919536,tumor_dominant,true,1.4606484910473228e-9,2.1250773308129165e-14,-0.09237948549037675,true
up,0.0001,7.908766541645225e-6,9.58870297856537e6,479475.8731900776,728.400754635528,16.019218964900904,208.47515080305843,6.981759911342314,tumor_dominant,true,1.5115801943466067e-9,5.4917828805545396e-14,-0.09220444280832829,true
up,0.0001,8.402867312587614e-6,9.578388654696694e6,478961.14405544166,729.18187171736,16.0363561681387,208.6991010028961,6.981292500428712,tumor_dominant,true,9.022187441587448e-10,2.935420974100898e-14,-0.09201864993889985,true
up,0.0001,8.927837065508477e-6,9.567417273674902e6,478413.62377779937,730.0145912390838,16.054625436747795,208.93784679709776,6.980794761103633,tumor_dominant,true,6.548361852765083e-11,5.0934527996892875e-14,-0.0918214549681628,true
up,0.0001,9.485604342325593e-6,9.555746085508363e6,477831.178721162,730.9025179003336,16.074105843565654,209.1924218571111,6.980264646642755,tumor_dominant,true,1.2660166248679161e-9,4.658361256580701e-14,-0.09161216699962318,true
up,0.0001,1.0078218170754866e-5,9.543329436104925e6,477211.5302872947,731.8495348445217,16.094882568345472,209.4639397161423,6.979699961455918,tumor_dominant,true,8.403731044381857e-10,3.9666878437891346e-14,-0.09139005379821138,true
up,0.0001,1.0707855591669263e-5,9.530118552750845e6,476552.24420508463,732.8598288115016,16.117047449277774,209.75360098540298,6.979098348778339,tumor_dominant,true,1.3751559890806675e-9,3.3502226119625966e-14,-0.09115433926978697,true
up,0.0001,1.1376829656730377e-5,9.516061311262814e6,475850.71890459483,733.9379180593619,16.140699595213313,210.06270136508167,6.978457277138768,tumor_dominant,true,1.0877556633204222e-9,9.701649273907183e-14,-0.09090420075650299,true
up,0.0001,1.2087597925672268e-5,9.501101982885038e6,475104.1728794484,735.0886834280866,16.16594606675648,210.39264055704223,6.977774025454622,tumor_dominant,true,3.601599019020796e-10,5.098211134239213e-14,-0.09063876613882424,true
up,0.0001,1.2842771494454064e-5,9.485180958746454e6,474309.6309283865,736.3174029776973,16.192902635709057,210.7449322034517,6.977045666581723,tumor_dominant,true,1.5570549294352531e-9,1.1177372745413952e-13,-0.09035711070964056,true
up,0.0001,1.3645124587446851e-5,9.468234449393915e6,473463.9091518997,737.6297907046113,16.221694633903503,211.12121499596472,6.9762690491198605,tumor_dominant,true,1.255102688446641e-9,6.762276594630485e-14,-0.09005825379391807,true
up,0.0001,1.4497604748893104e-5,9.450194156569237e6,472563.59856239625,739.0320399246766,16.252457904320178,211.52326512441635,6.975440777244287,tumor_dominant,true,1.7025740817189217e-9,5.875436374619177e-14,-0.08974115508678274,true
up,0.0001,1.540334367107859e-5,9.430986913987119e6,471605.0471458805,740.5308720126643,16.285339869603558,211.95301026308573,6.974557188296262,tumor_dominant,true,1.709850039333105e-9,8.997152337507334e-14,-0.08940471068186087,true
up,0.0001,1.636566869899467e-5,9.4105342933879e6,470584.3401889817,742.1335913097114,16.320500735757935,212.41254532753544,6.973614327821792,tumor_dominant,true,2.3646862246096134e-10,2.216296345800066e-14,-0.08904774871186524,true
up,0.0001,1.7388115053755714e-5,9.38875217156848e6,469497.2786565801,743.8481471569213,16.358114852017838,212.90415027718498,6.97260792169517,tumor_dominant,true,1.5425030142068863e-9,8.494931484116968e-14,-0.08866902458883497,true
up,0.0001,1.8474438819674896e-5,9.365550253412375e6,468339.3553712943,745.6832041910621,16.398372251781154,213.43031028981426,6.971533344900717,tumor_dominant,true,1.2878444977104664e-9,1.2638503379467433e-13,-0.08826721575832666,true
up,0.0001,1.962863074270905e-5,9.340831545128776e6,467105.72870545683,747.6482222545172,16.441480404229495,213.99373869631015,6.970385586470092,tumor_dominant,true,1.127773430198431e-9,9.163579668774811e-14,-0.0878409158914249,true
up,0.0001,2.0854930890961812e-5,9.314491770933505e6,465791.19344742905,749.7535475360119,16.487666212050705,214.59740313990517,6.9691592099802495,tumor_dominant,true,9.458744898438454e-10,1.428949525212404e-13,-0.0873886284277259,true
up,0.0001,2.215784423110338e-5,9.286418725225652e6,464390.1484451861,752.0105168834885,16.537178297793737,215.24455551747735,6.9678483089047765,tumor_dominant,true,5.020410753786564e-10,3.2043522789149804e-14,-0.0869087593670157,true
up,0.0001,2.354215717792758e-5,9.256491550883383e6,462896.56055857235,754.4315776318172,16.590289630175498,215.93876637577404,6.9664464559738715,tumor_dominant,true,7.785274647176266e-10,3.633104010402164e-14,-0.08639960916984923,true
up,0.0001,2.501295517784446e-5,9.224579932553658e6,461303.9243643288,757.0304257866602,16.64730055258056,216.68396457867837,6.9649466455288245,tumor_dominant,true,1.6370904631912708e-9,1.1565197925469473e-13,-0.085859363604943,true
up,0.0001,2.6575641390902075e-5,9.190543191664353e6,459605.2169506269,759.8221660290072,16.70854228964184,217.48448324069014,6.963341227647233,tumor_dominant,true,1.3096723705530167e-9,5.635321926128235e-14,-0.08528608336858279,true
up,0.0001,2.8235956539969818e-5,9.154229267231554e6,457792.8470052031,762.8234977887967,16.77438102495779,218.34511314702556,6.961621832553839,tumor_dominant,true,1.4260876923799515e-9,5.279627936350134e-14,-0.0846776922129964,true
up,0.0001,3.000000000000001e-5,9.115473563228222e6,455858.59723592096,766.0529326286505,16.845222664738113,219.27116516597053,6.95977928350403,tumor_dominant,true,1.3023964129388332e-9,7.518703977381169e-14,-0.08403196332352686,true
down,0.0001,2.4999999999999994e-7,9.747137895120975e6,487382.3238411307,716.6093496254604,15.760516688502902,205.09459656391687,6.988877154733448,tumor_dominant,true,1.2307737051742151e-9,6.014450142465481e-14,-0.09511125322010108,true
down,0.0001,2.6561876837369643e-7,9.746817484616784e6,487366.3345006616,716.6328103188642,15.76103142589944,205.1013224740151,6.988862878256771,tumor_dominant,true,1.5237446859828196e-9,6.564750236454584e-14,-0.09510526817200479,true
down,0.0001,2.822133204494382e-7,9.746477044656789e6,487349.34563569597,716.6577392686756,15.76157837740105,205.108469317105,6.98884770881677,tumor_dominant,true,1.2166765372967348e-9,4.380084715749742e-14,-0.09509890948792474,true
down,0.0001,2.998446183857244e-7,9.746115322378663e6,487331.29472484114,716.6842285331626,15.762159562794514,205.1160634853877,6.988831590491377,tumor_dominant,true,1.3781118468614295e-9,9.750451560053402e-14,-0.09509215386073751,true
down,0.0001,3.1857743295638923e-7,9.745730986451186e6,487312.115330863,716.7123759644223,15.762777128983936,205.1241330321109,6.988814463847471,tumor_dominant,true,1.5786554286023602e-9,6.8450517167942e-14,-0.09508497653210282,true
down,0.0001,3.384805814941199e-7,9.74532262214634e6,487291.7368547714,716.7422855758433,15.763433358053144,205.1327077769211,6.988796265719285,tumor_dominant,true,1.3931185094406828e-9,1.2086188193479322e-13,-0.09507735120147545,true
down,0.0001,3.5962718069952363e-7,9.744888726100627e6,487270.0842743861,716.7740679332416,15.764130675846918,205.14181941800044,6.988776928972679,tumor_dominant,true,3.325340003357269e-10,3.718906422486997e-14,-0.0950692499307098,true
down,0.0001,3.82094915244449e-7,9.744427700745095e6,487247.07786637294,716.8078405712394,15.764871661106335,205.15150165144163,6.988756382254361,tumor_dominant,true,8.28435986477416e-10,4.873682835537402e-14,-0.09506064304485089,true
down,0.0001,4.0596632315633076e-7,9.74393784838331e6,487222.63291071646,716.8437284365583,15.765659055194558,205.16179029834078,6.988734549725066,tumor_dominant,true,5.414904080680571e-10,9.991237421940642e-14,-0.09505149902001792,true
down,0.0001,4.3132909903193055e-7,9.743417364894511e6,487196.6593764853,716.8818643600499,15.766495772452904,205.17272344012744,6.988711350775646,tumor_dominant,true,4.948788046021946e-10,2.8110306679859694e-14,-0.09504178437333968,true
down,0.0001,4.582764161943911e-7,9.742864333038248e6,487169.061587699,716.9223895593642,15.767384911229266,205.1843415626806,6.98868669972496,tumor_dominant,true,1.1802967492258176e-9,2.395927250393233e-14,-0.09503146353802931,true
down,0.0001,4.869072689770628e-7,9.74227671533442e6,487139.7378680222,716.9654541743447,15.768329765624529,205.19668770982702,6.988660505498345,tumor_dominant,true,6.958771336940117e-10,3.763565311645497e-14,-0.09502049873556909,true
down,0.0001,5.173268363915514e-7,9.741652346491767e6,487108.58016291214,717.0112178373579,15.769333838005247,205.2098076468559,6.988632671285396,tumor_dominant,true,5.611582309938967e-10,5.716446833485421e-14,-0.09500884983953435,true
down,0.0001,5.496468685159386e-7,9.740988925355649e6,487075.47363777715,717.0598502809286,15.770400852334859,205.22375003472928,6.988603094175691,tumor_dominant,true,1.2114469427615404e-9,3.7215216219901056e-14,-0.09499647423149211,true
down,0.0001,5.83986097022652e-7,9.740284006344e6,487040.29625059833,717.1115319852395,15.771534768379553,205.2385666157239,6.988571664770977,tumor_dominant,true,1.7689671949483454e-10,7.867948762421132e-14,-0.09498332664332307,true
down,0.0001,6.204706713540754e-7,9.739534990338251e6,487002.9182973469,717.1664548682323,15.772739796848494,205.25431241128524,6.988538266772261,tumor_dominant,true,5.195488483877853e-10,5.2108772205462015e-14,-0.09496935899799011,true
down,0.0001,6.592346221482804e-7,9.738739114994282e6,486963.20192845154,717.2248230212465,15.774020415533268,205.27104593294038,6.988502776540118,tumor_dominant,true,1.7121237760875374e-10,3.766194824319538e-14,-0.09495452023125725,true
down,0.0001,7.00420353617303e-7,2931.721143835181,646.5859992133625,208757.88853436284,796.7435855807406,118121.66437568927,3.467270770293516,intermediate,true,0.00019802865381279844,4.655188258014245e-9,-0.00801170905249471,true
down,0.0001,7.44179166686788e-7,2417.2286619456795,620.8614082371159,212010.78369937706,688.2314094994152,121823.38318327922,3.383497364318791,intermediate,true,0.00016962633117145742,5.278903655143566e-9,-0.012267966749593668,true
down,0.0001,7.906718148188353e-7,2064.0215495759317,603.2010561296894,214303.26830793943,607.2270776914904,124501.93612313988,3.3149245881052924,intermediate,true,4.997737141820835e-5,2.533259944778211e-9,-0.015570308455721252,true
down,0.0001,8.400690945598977e-7,1787.7120975779337,589.3855895532072,216131.51142149328,539.8474260553356,126680.88927497795,3.2525404442592913,intermediate,true,1.6475595202791737e-5,3.992092142273498e-10,-0.018440727686054145,true
down,0.0001,8.925524729832274e-7,1559.1566303952022,577.9578189593707,217667.52588612365,481.27961771031096,128541.742425917,3.1931682011119187,intermediate,true,1.2600642094184877e-5,4.0127314623213795e-10,-0.02105963135325715,true
down,0.0001,9.483147543308075e-7,1364.2574834983075,568.2128652739055,218994.70666465219,429.20190404863985,130172.30882780252,3.135214565748224,intermediate,true,1.6130189123941818e-5,6.547688439590133e-10,-0.023514008896483397,true
down,0.0001,1.0075607883038165e-6,1194.965012738251,559.748247691527,220160.72367246365,382.29937642175656,131622.59246935058,3.077718474805428,intermediate,true,9.737095297168707e-5,2.3055775878288168e-9,-0.025852984038938796,true
down,0.0001,1.070508222603562e-6,1046.187343365858,552.3093605370664,221195.7430897879,339.75032248833605,132924.0737615919,3.020024384555319,intermediate,true,7.677363828406669e-5,4.487971064516377e-9,-0.02810686658814584,true
down,0.0001,1.1373883024874944e-6,914.4657345836168,545.7232755991256,222120.26551778533,301.0042148761183,134098.0253952027,2.961642093520565,controlled,true,0.0001127263271882839,3.4975648548089935e-9,-0.030295289660775687,true
down,0.0001,1.2084467202775105e-6,797.320147417756,539.8660068207815,222949.0011803865,265.671165705351,135159.63053135455,2.9021770898146353,controlled,true,8.690867025507032e-5,3.967896614929142e-9,-0.0324311702430634,true
down,0.0001,1.2839445179413834e-6,692.8930632144849,534.6446510728707,223692.99211256043,233.46086375992456,136120.24760025676,2.8412925459097518,controlled,true,1.9444704321358586e-5,1.4150255586377935e-9,-0.03452283204601042,true
down,0.0001,1.3641590460629988e-6,599.740079455097,529.9870020351383,224360.8645283578,204.14647548427968,136988.7522820086,2.7786866076515797,controlled,true,1.565352431498468e-5,1.4549557067448208e-9,-0.0365752092935975,true
down,0.0001,1.4493849827243648e-6,516.6998644976826,525.8349914185477,224959.60445244747,177.54185906850046,137772.36928687396,2.7140780513100067,controlled,true,4.3131572056154255e-6,7.989071874469752e-10,-0.038590536342555534,true
down,0.0001,1.5399354160423085e-6,442.8095642381465,522.1404769109545,225495.06503616902,153.48669256421726,138477.21862846182,2.6471966571819148,controlled,true,1.0515360372664873e-5,6.465538004941288e-10,-0.04056874763919247,true
down,0.0001,1.6361429943367788e-6,377.24798147009994,518.8623923814316,225972.30869384986,131.83638901162612,139108.6846908881,2.577776619077944,controlled,true,0.0001620103348614066,8.057055932160854e-9,-0.042507695480153734,true
down,0.0001,1.7383611481559481e-6,319.29622467997507,515.9648077080656,226395.84450829533,112.45523040682107,139671.67193324142,2.5055518196806275,controlled,true,7.728972877885099e-5,3.663590536349625e-9,-0.04440324681578153,true
down,0.0001,1.8469653886474714e-6,268.3098809909849,513.415489382049,226769.7891099278,95.21170149135892,140170.77312885976,2.43025228798684,controlled,true,0.00010668217601050856,4.965234533981586e-9,-0.046249279795357354,true
down,0.0001,1.962354687045552e-6,223.69944359346707,511.1849647542607,227097.98630654716,79.97536218503029,140610.39596916147,2.3516019970093107,controlled,true,0.00017341778584523126,8.035255182133677e-9,-0.048037645561656885,true
down,0.0001,2.0849529403415604e-6,184.91629064169967,509.24580887140047,227384.08588770902,66.61494868687795,140994.84028222904,2.269317445854859,controlled,true,0.00013022932080275496,6.0591575271978545e-9,-0.04975808769893003,true
down,0.0001,2.215210528522574e-6,151.44294113611588,507.57215113651336,227631.59655608493,54.99739527312636,141328.34564909092,2.183107319179529,controlled,true,9.804386581890867e-5,4.608861476423857e-9,-0.05139818110347359,true
down,0.0001,2.3536059690984453e-6,122.786530637304,506.1393278209683,227843.91723121572,44.987600765125485,141615.11297871184,2.092673391145029,controlled,true,3.1517490242549684e-5,1.5040728235542937e-9,-0.0529433676165271,true
down,0.0001,2.5006476749956425e-6,98.4748665134244,504.92374592634513,228024.35803857294,36.44878565602498,141859.31659104867,1.9977133650335845,controlled,true,6.059963652660372e-5,2.9473064012651698e-9,-0.05437725859372226,true
down,0.0001,2.6568758222755607e-6,78.05437501016932,503.90272091360055,228176.13955333232,29.243347605114913,142065.08609421775,1.8979259095648497,controlled,true,4.977861772204051e-5,2.47553391787178e-9,-0.055682421754479135,true
down,0.0001,2.822864334538752e-6,61.08971174311698,503.05448923852003,228302.38849393383,23.234077748007863,142236.487285725,1.7930196436007866,controlled,true,8.273886214738013e-5,4.21940446825564e-9,-0.05684203172522357,true
down,0.0001,2.9992229913048705e-6,47.16456845667173,502.35823124947063,228406.1220291535,18.285653239972063,142377.48807111164,1.6827276734620928,controlled,true,6.363128477460123e-5,3.335987991907177e-9,-0.0578425892565987,true
down,0.0001,3.1865996681139003e-6,35.88340304154118,501.79417502714364,228490.22894752273,14.266294035022739,142491.92238986364,1.5668309843441945,controlled,true,0.00010897564197875909,5.886798365145118e-9,-0.05867739162341091,true
down,0.0001,3.385682716577777e-6,26.87374654175402,501.34368918785043,228557.44478501286,11.049483312453003,142583.44656724358,1.4451953466485303,controlled,true,4.147138042753795e-5,2.3130156324190915e-9,-0.05934942944937274,true
down,0.0001,3.597203493126007e-6,19.78879856074504,500.98943506356443,228610.32898288913,8.515641321417998,142655.5008238091,1.3178293910382535,controlled,true,0.00010785010090330616,6.222127352066339e-9,-0.05987190374452101,true
down,0.0001,3.821939045734755e-6,14.309980041433558,500.71550591790566,228651.24248156665,6.553652222387967,142711.27253662678,1.1849746245388277,controlled,true,0.00015306219074773253,9.149501071471987e-9,-0.06026562874761789,true
down,0.0001,4.060714968509634e-6,10.1491479939287,500.5074587453898,228682.3226214894,5.062148150097399,142753.65529870582,1.04724168032828,controlled,true,2.9736214855802245e-5,1.8445625926616685e-9,-0.06055463778602622,true
down,0.0001,4.31440843460865e-6,7.0502374758249635,500.35251313053413,228705.4762986623,3.950465352845845,142785.2380103601,0.9058086919106212,controlled,true,2.7726683129003504e-5,1.7872806941408337e-9,-0.060762195895108326,true
down,0.0001,4.58395141864735e-6,4.790080367378662,500.2395089071038,228722.3663879547,3.139219835232917,142808.2817461682,0.7626845918564251,controlled,true,0.0001077236211131094,7.2251753595116835e-9,-0.06090844413313559,true
down,0.0001,4.870334120423881e-6,3.1783029765294417,500.1589140145014,228734.41210635978,2.5604667058411166,142824.7184301991,0.6209999282877016,controlled,true,2.4973487597890198e-5,1.7448968718706294e-9,-0.061009643170941916,true
down,0.0001,5.174608602541527e-6,2.0562478326545546,500.10281086041743,228742.7988569467,2.1574473195417903,142836.1636489864,0.4851885684868362,controlled,true,3.369306932654581e-5,2.4549581914777937e-9,-0.06107837352067291,true
down,0.0001,5.497892655292072e-6,1.2949738032444467,500.06474351758675,228748.4890928374,1.8839596688205633,142843.92949121818,0.3607777325001584,controlled,true,0.00011377275995982927,8.65330834267099e-9,-0.06112411226377021,true
down,0.0001,5.841373902997888e-6,0.7924845153573408,500.0396276264802,228752.2458908482,1.7034166726328182,142849.05711246547,0.25345541263891275,controlled,true,7.477885810658336e-5,4.7091768262674805e-9,-0.06115386972428023,true
down,0.0001,6.206314166898218e-6,0.4703942264548224,500.0235214335979,228754.65354934565,1.587680643224013,142852.34326677214,0.1674337887756226,controlled,true,3.7864147998334374e-5,1.4800112801971466e-9,-0.06117274604560759,true
down,0.0001,6.594054100606915e-6,0.2702881400623828,500.0135105480791,228756.1490894357,1.5157730389474764,142854.38444385162,0.103902243354004,controlled,true,8.482763132633409e-5,1.9938139472763794e-9,-0.06118438880567407,true
down,0.0001,7.006018115170941e-6,0.15003409305097523,500.00750026609177,228757.04822682208,1.4725586163290965,142855.61175528212,0.060710715313992115,controlled,true,3.162022085234639e-5,5.754156207065658e-10,-0.06119135206459255,true
down,0.0001,7.443719611822047e-6,0.08027917304893263,500.0040150006324,228757.56985731615,1.4474910368593157,142856.3238011293,0.03353600330828236,controlled,true,2.290207612531958e-5,4.167886869612985e-10,-0.06119537869254676,true
down,0.0001,7.908766541645225e-6,0.041310621703478934,500.0020668949678,228757.86119680322,1.4334868877183322,142856.72147132232,0.017580298357157628,controlled,true,2.9976432415423915e-5,5.455508088650149e-10,-0.06119762379082922,true
down,0.0001,8.402867312587614e-6,0.02039398618475311,500.0010185806345,228758.01740050133,1.4259700159548465,142856.93463260852,0.008767890378292119,controlled,true,2.4586692688899348e-5,4.4746897535521523e-10,-0.0611988273747254,true
down,0.0001,8.927837065508477e-6,0.009633741363604863,500.00047322048584,228758.09735698072,1.4221030564884054,142857.04362330938,0.004163856007788881,controlled,true,0.00018608038408274297,3.386629720849411e-9,-0.06119944589076577,true
down,0.0001,9.485604342325593e-6,0.004342522328022902,500.00021301046075,228758.1371996762,1.4202015312657736,142857.09809342842,0.0018818504466569424,controlled,true,9.045438264365657e-5,1.6462615611694326e-9,-0.06119975024852427,true
down,0.0001,1.0078218170754866e-5,0.0018623911706663928,500.00008892087266,228758.155735059,1.4193102343308444,142857.12339175606,0.0008080739670048927,controlled,true,9.227906684827758e-5,1.6794740386987665e-9,-0.061199892796892474,true
down,0.0001,1.0707855591669263e-5,0.000757582938863133,500.0000275609017,228758.16359090662,1.4189131872330032,142857.13399282703,0.00032888952510984657,controlled,true,0.00022677496508549666,4.127297870451544e-9,-0.06119995604633192,true
down,0.0001,1.1376829656730377e-5,0.00029132959223731415,500.00000956480176,228758.1674269967,1.4187456331462174,142857.13933475383,0.00012650440797959975,controlled,true,0.00010992721081493073,2.000671078503221e-9,-0.061199983049303214,true
down,0.0001,1.2087597925672268e-5,0.00010553807081014729,500.00000058235,228758.16883617637,1.418678864631011,142857.1412643364,4.5832183305998694e-5,controlled,true,0.0001031771666930581,1.877821401963283e-9,-0.06119999372277451,true
down,0.0001,1.2842771494454064e-5,3.588258839073344e-5,499.9999919499544,228758.1690174173,1.4186538265866322,142857.1414092125,1.5583330551094224e-5,controlled,true,0.00021635577559209196,3.9376700792268554e-9,-0.061199997469071336,true
down,0.0001,1.3645124587446851e-5,1.1404792675181637e-5,500.0000053399253,228758.17016381948,1.418645045760914,142857.14326490572,4.953010282090088e-6,controlled,true,0.00010482804873390705,1.9078742719526034e-9,-0.06119999895400771,true
down,0.0001,1.4497604748893104e-5,3.374357521693935e-6,500.0000090884899,228758.1704974456,1.4186421643346612,142857.1438029018,1.4654623791143605e-6,controlled,true,0.00019603869623097125,3.5679087408811824e-9,-0.06120000026175868,true
down,0.0001,1.540334367107859e-5,9.252349305447481e-7,500.0000195866423,228758.17121591332,1.4186412957276,142857.14499499154,4.018242388672302e-7,controlled,true,0.00042945858785969904,7.816151913490789e-9,-0.06120000077197195,true
down,0.0001,1.636566869899467e-5,2.339944393306548e-7,500.00000416377986,228758.17020661448,1.4186410305833703,142857.14331102528,1.0162248192937275e-7,controlled,true,9.125434053203207e-5,1.6608320411642205e-9,-0.06120000016534358,true
down,0.0001,1.7388115053755714e-5,5.430737693795055e-8,500.0000212803178,228758.17133694974,1.4186409846267753,142857.14519478194,2.3585393534602527e-8,controlled,true,0.0004676392813962593,8.511040626188403e-9,-0.06120000085108302,true
down,0.0001,1.8474438819674896e-5,1.1504851669704116e-8,500.0000136109493,228758.1708318109,1.4186409609089938,142857.14435266674,4.996493596166265e-9,controlled,true,0.00029912880791016505,5.4441494735804405e-9,-0.06120000054388842,true
down,0.0001,1.962863074270905e-5,2.212058314298438e-9,500.0000220869619,228758.17139068834,1.418640966784826,142857.14528424182,9.606847184858368e-10,controlled,true,0.000485424960970704,8.834740136443491e-9,-0.06120000088385002,true
down,0.0001,2.0854930890961812e-5,3.836847549009381e-10,500.0000167164821,228758.17103666152,1.4186409602891912,142857.1446941084,1.6663221817681464e-10,controlled,true,0.00036739447841682704,6.686584957107321e-9,-0.061200000668752,true
down,0.0001,2.215784423110338e-5,5.965133828519601e-11,500.000019229178,228758.17120231342,1.4186409629045063,142857.1449702337,2.5906271657194764e-11,controlled,true,0.0004226189062137564,7.691669725095011e-9,-0.06120000076909028,true
down,0.0001,2.354215717792758e-5,8.255888065019584e-12,500.00001786276744,228758.171112234,1.4186409614005073,142857.14482007953,3.5854659533769763e-12,controlled,true,0.0003925879627786344,7.145106565608907e-9,-0.0612000007145069,true
down,0.0001,2.501295517784446e-5,1.0098347474717884e-12,500.00001858397366,228758.1711597793,1.4186409621819824,142857.1448993332,4.3857613178821354e-13,controlled,true,0.0004084386650902161,7.4335891690357655e-9,-0.06120000074339726,true
down,0.0001,2.6575641390902075e-5,1.000000000000001e-12,500.00001819341674,228758.17113403216,1.4186409617570153,142857.1448564149,4.343330909353833e-13,controlled,true,0.0003998550005235302,7.2773664124715375e-9,-0.06120000072774285,true
down,0.0001,2.8235956539969818e-5,1.000000000000001e-12,500.00001838986003,228758.17114698273,1.4186409619705926,142857.1448780027,4.343330909353833e-13,controlled,true,0.00040417247964796843,7.355943736254287e-9,-0.061200000735777096,true
down,0.0001,3.000000000000001e-5,1.000000000000001e-12,500.0000139373713,228758.1708534542,1.4186409571299416,142857.1443887179,4.343330909353833e-13,controlled,true,0.0003063155595555145,5.57494836165062e-9,-0.06120000055718387,true
