b6,T_up,logT_up,eig_up,res_up,phase_up,T_down,logT_down,eig_down,res_down,phase_down,hysteresis_gap
2.4999999999999994e-7,9.747137895120975e6,6.988877154733448,-0.09511125322010108,6.014450142465481e-14,tumor_dominant,9.747137895120975e6,6.988877154733448,-0.09511125322010108,6.014450142465481e-14,tumor_dominant,0.0
2.6561876837369643e-7,9.746817484616784e6,6.988862878256771,-0.09510526817200479,6.564750236454584e-14,tumor_dominant,9.746817484616784e6,6.988862878256771,-0.09510526817200479,6.564750236454584e-14,tumor_dominant,0.0
2.822133204494382e-7,9.746477044656789e6,6.98884770881677,-0.09509890948793245,3.601499217092497e-14,tumor_dominant,9.746477044656789e6,6.98884770881677,-0.09509890948792474,4.380084715749742e-14,tumor_dominant,0.0
2.998446183857244e-7,9.746115322378663e6,6.988831590491377,-0.09509215386077367,3.334197095771666e-14,tumor_dominant,9.746115322378663e6,6.988831590491377,-0.09509215386073751,9.750451560053402e-14,tumor_dominant,0.0
3.1857743295638923e-7,9.745730986451186e6,6.988814463847471,-0.09508497653210107,1.3335472210724177e-13,tumor_dominant,9.745730986451186e6,6.988814463847471,-0.09508497653210282,6.8450517167942e-14,tumor_dominant,0.0
3.384805814941199e-7,9.74532262214634e6,6.988796265719285,-0.0950773512014785,3.556476984328885e-14,tumor_dominant,9.74532262214634e6,6.988796265719285,-0.09507735120147545,1.2086188193479322e-13,tumor_dominant,0.0
3.5962718069952363e-7,9.744888726100627e6,6.988776928972679,-0.0950692499307098,5.1619590235050576e-14,tumor_dominant,9.744888726100627e6,6.988776928972679,-0.0950692499307098,3.718906422486997e-14,tumor_dominant,0.0
3.82094915244449e-7,9.744427700745095e6,6.988756382254361,-0.09506064304479034,5.6113069634225806e-14,tumor_dominant,9.744427700745095e6,6.988756382254361,-0.09506064304485089,4.873682835537402e-14,tumor_dominant,0.0
4.0596632315633076e-7,9.74393784838331e6,6.988734549725066,-0.09505149902001792,9.991237421940642e-14,tumor_dominant,9.74393784838331e6,6.988734549725066,-0.09505149902001792,9.991237421940642e-14,tumor_dominant,0.0
4.3132909903193055e-7,9.743417364894511e6,6.988711350775646,-0.09504178437333968,5.696350848865854e-14,tumor_dominant,9.743417364894511e6,6.988711350775646,-0.09504178437333968,2.8110306679859694e-14,tumor_dominant,0.0
4.582764161943911e-7,9.742864333038248e6,6.98868669972496,-0.09503146353802931,2.395927250393233e-14,tumor_dominant,9.742864333038248e6,6.98868669972496,-0.09503146353802931,2.395927250393233e-14,tumor_dominant,0.0
4.869072689770628e-7,9.74227671533442e6,6.988660505498345,-0.09502049873556909,3.763565311645497e-14,tumor_dominant,9.74227671533442e6,6.988660505498345,-0.09502049873556909,3.763565311645497e-14,tumor_dominant,0.0
5.173268363915514e-7,9.741652346491767e6,6.988632671285396,-0.09500884983953435,5.716446833485421e-14,tumor_dominant,9.741652346491767e6,6.988632671285396,-0.09500884983953435,5.716446833485421e-14,tumor_dominant,0.0
5.496468685159386e-7,9.740988925355649e6,6.988603094175691,-0.09499647423149211,3.7215216219901056e-14,tumor_dominant,9.740988925355649e6,6.988603094175691,-0.09499647423149211,3.7215216219901056e-14,tumor_dominant,0.0
5.83986097022652e-7,9.740284006344e6,6.988571664770977,-0.09498332664331889,1.2192962379341185e-13,tumor_dominant,9.740284006344e6,6.988571664770977,-0.09498332664332307,7.867948762421132e-14,tumor_dominant,0.0
6.204706713540754e-7,9.739534990338251e6,6.988538266772261,-0.09496935899795617,1.6069745636237982e-14,tumor_dominant,9.739534990338251e6,6.988538266772261,-0.09496935899799011,5.2108772205462015e-14,tumor_dominant,0.0
6.592346221482804e-7,9.738739114994282e6,6.988502776540118,-0.09495452023125726,1.602973035392963e-14,tumor_dominant,9.738739114994282e6,6.988502776540118,-0.09495452023125725,3.766194824319538e-14,tumor_dominant,0.0
7.00420353617303e-7,9.737893444435136e6,6.988465062626408,-0.09493875611500119,5.440118432921892e-14,tumor_dominant,2931.721143835181,3.467270770293516,-0.00801170905249471,4.655188258014245e-9,intermediate,3.5211942923328916
7.44179166686788e-7,9.736994858285693e6,6.988424985275477,-0.09492200905071298,1.9591143065833476e-14,tumor_dominant,2417.2286619456795,3.383497364318791,-0.012267966749593668,5.278903655143566e-9,intermediate,3.6049276209566865
7.906718148188353e-7,9.736040040006226e6,6.988382395892785,-0.09490421787305256,3.7644541714941124e-14,tumor_dominant,2064.0215495759317,3.3149245881052924,-0.015570308455721252,2.533259944778211e-9,intermediate,3.6734578077874924
8.400690945598977e-7,9.7350254644786e6,6.98833713647869,-0.09488531762704416,5.708713794834349e-14,tumor_dominant,1787.7120975779337,3.2525404442592913,-0.018440727686054145,3.992092142273498e-10,intermediate,3.735796692219399
8.925524729832274e-7,9.733947384796511e6,6.988289039025067,-0.09486523933165208,3.7586254386267206e-14,tumor_dominant,1559.1566303952022,3.1931682011119187,-0.02105963135325715,4.0127314623213795e-10,intermediate,3.795120837913148
9.483147543308075e-7,9.732801818207208e6,6.988237924872142,-0.0948439097361049,4.5724357732604316e-14,tumor_dominant,1364.2574834983075,3.135214565748224,-0.023514008896483397,6.547688439590133e-10,intermediate,3.853023359123918
1.0075607883038165e-6,9.731584531148085e6,6.988183604022818,-0.09482125105552833,7.658763713440495e-14,tumor_dominant,1194.965012738251,3.077718474805428,-0.025852984038938796,2.3055775878288168e-9,intermediate,3.91046512921739
1.070508222603562e-6,9.730291023319181e6,6.988125874411515,-0.09479718069747116,3.288591602597337e-14,tumor_dominant,1046.187343365858,3.020024384555319,-0.02810686658814584,4.487971064516377e-9,intermediate,3.968101489856196
1.1373883024874944e-6,9.728916510726303e6,6.988064521124339,-0.09477161096213894,8.111950932813855e-14,tumor_dominant,914.4657345836168,2.961642093520565,-0.030295289660775687,3.4975648548089935e-9,controlled,4.026422427603774
1.2084467202775105e-6,9.727455907626703e6,6.987999315567131,-0.09474444873346552,2.7620980469775678e-14,tumor_dominant,797.320147417756,2.9021770898146353,-0.0324311702430634,3.967896614929142e-9,controlled,4.085822225752496
1.2839445179413834e-6,9.725903807303783e6,6.987930014577727,-0.09471559514611835,4.688048183231397e-14,tumor_dominant,692.8930632144849,2.8412925459097518,-0.03452283204601042,1.4150255586377935e-9,controlled,4.146637468667976
1.3641590460629988e-6,9.724254461591208e6,6.987856359478382,-0.0946849452395695,7.043713423281473e-14,tumor_dominant,599.740079455097,2.7786866076515797,-0.0365752092935975,1.4549557067448208e-9,controlled,4.209169751826803
1.4493849827243648e-6,9.722501759062588e6,6.987778075064083,-0.09465238757803032,8.229954637567728e-14,tumor_dominant,516.6998644976826,2.7140780513100067,-0.038590536342555534,7.989071874469752e-10,controlled,4.273700023754077
1.5399354160423085e-6,9.720639201795718e6,6.987694868522082,-0.0946178038669798,3.8298449155926726e-14,tumor_dominant,442.8095642381465,2.6471966571819148,-0.04056874763919247,6.465538004941288e-10,controlled,4.340498211340167
1.6361429943367788e-6,9.718659880613945e6,6.987606428277601,-0.09458106852785578,5.2391147827350445e-14,tumor_dominant,377.24798147009994,2.577776619077944,-0.042507695480153734,8.057055932160854e-9,controlled,4.409829809199657
1.7383611481559481e-6,9.716556448699722e6,6.987512422760247,-0.09454204825866722,4.245024654978601e-14,tumor_dominant,319.29622467997507,2.5055518196806275,-0.04440324681578153,3.663590536349625e-9,controlled,4.481960603079619
1.8469653886474714e-6,9.714321093468929e6,6.987412499085253,-0.09450060157295864,4.7955357538249856e-14,tumor_dominant,268.3098809909849,2.43025228798684,-0.046249279795357354,4.965234533981586e-9,controlled,4.557160211098413
1.962354687045552e-6,9.711945506583668e6,6.987306281643094,-0.09445657829205963,9.21216860253225e-14,tumor_dominant,223.69944359346707,2.3516019970093107,-0.048037645561656885,8.035255182133677e-9,controlled,4.635704284633784
2.0849529403415604e-6,9.709420851974543e6,6.987193370590548,-0.09440981903186704,6.133076281501848e-14,tumor_dominant,184.91629064169967,2.269317445854859,-0.04975808769893003,6.0591575271978545e-9,controlled,4.717875924735689
2.215210528522574e-6,9.706737731731778e6,6.987073340235616,-0.09436015463754702,1.0759751953253932e-13,tumor_dominant,151.44294113611588,2.183107319179529,-0.05139818110347359,4.608861476423857e-9,controlled,4.8039660210560875
2.3536059690984453e-6,9.70388614971382e6,6.986945737308068,-0.09430740561101014,4.477625858808838e-14,tumor_dominant,122.786530637304,2.092673391145029,-0.0529433676165271,1.5040728235542937e-9,controlled,4.8942723461630395
2.5006476749956425e-6,9.700855472711297e6,6.986810079106657,-0.09425138147060366,2.1241848612851612e-14,tumor_dominant,98.4748665134244,1.9977133650335845,-0.05437725859372226,2.9473064012651698e-9,controlled,4.989096714073073
2.6568758222755607e-6,9.697634388989236e6,6.986665851513186,-0.09419188010644607,8.507966217141186e-14,tumor_dominant,78.05437501016932,1.8979259095648497,-0.055682421754479135,2.47553391787178e-9,controlled,5.088739941948336
2.822864334538752e-6,9.694210864018485e6,6.986512506862777,-0.0941286870779118,6.049264060520001e-14,tumor_dominant,61.08971174311698,1.7930196436007866,-0.05684203172522357,4.21940446825564e-9,controlled,5.193492863261991
2.9992229913048705e-6,9.690572093189526e6,6.986349461658615,-0.09406157488058019,3.9266332556925263e-14,tumor_dominant,47.16456845667173,1.6827276734620928,-0.0578425892565987,3.335987991907177e-9,controlled,5.303621788196522
3.1865996681139003e-6,9.686704451286629e6,6.986176094118394,-0.09399030216558579,6.213683137163171e-14,tumor_dominant,35.88340304154118,1.5668309843441945,-0.05867739162341091,5.886798365145118e-9,controlled,5.4193451097742
3.385682716577777e-6,9.682593438480342e6,6.985991741538407,-0.09391461291151632,3.465403086632249e-14,tumor_dominant,26.87374654175402,1.4451953466485303,-0.05934942944937274,2.3130156324190915e-9,controlled,5.540796394889877
3.597203493126007e-6,9.67822362257622e6,6.985795697459865,-0.09383423556304335,9.635404726305279e-14,tumor_dominant,19.78879856074504,1.3178293910382535,-0.05987190374452101,6.222127352066339e-9,controlled,5.6679663064216115
3.821939045734755e-6,9.67357857723486e6,6.985587208620493,-0.09374888209561666,3.696413375056324e-14,tumor_dominant,14.309980041433558,1.1849746245388277,-0.06026562874761789,9.149501071471987e-9,controlled,5.800612584081666
4.060714968509634e-6,9.668640815852983e6,6.985365471672694,-0.09365824705409737,1.9681612874884737e-14,tumor_dominant,10.1491479939287,1.04724168032828,-0.06055463778602622,1.8445625926616685e-9,controlled,5.938123791344413
4.31440843460865e-6,9.6633917207681e6,6.98512962964768,-0.09356200651104335,3.732705316060563e-14,tumor_dominant,7.0502374758249635,0.9058086919106212,-0.060762195895108326,1.7872806941408337e-9,controlled,6.079320937737059
4.58395141864735e-6,9.657811467417687e6,6.98487876814277,-0.09345981697895187,1.5433205509925004e-14,tumor_dominant,4.790080367378662,0.7626845918564251,-0.06090844413313559,7.2251753595116835e-9,controlled,6.222194176286345
4.870334120423881e-6,9.65187894305055e6,6.984611911206605,-0.09335131426150337,8.617020803039148e-14,tumor_dominant,3.1783029765294417,0.6209999282877016,-0.061009643170941916,1.7448968718706294e-9,controlled,6.363611982918904
5.174608602541527e-6,9.645571659549056e6,6.984328016894289,-0.09323611222706824,1.3623865758974912e-13,tumor_dominant,2.0562478326545546,0.4851885684868362,-0.06107837352067291,2.4549581914777937e-9,controlled,6.499139448407453
5.497892655292072e-6,9.638865659879534e6,6.984025972461337,-0.09311380151909682,5.3388451154788187e-14,tumor_dominant,1.2949738032444467,0.3607777325001584,-0.06112411226377021,8.65330834267099e-9,controlled,6.623248239961179
5.841373902997888e-6,9.631735417639898e6,6.983704589161794,-0.09298394819155475,8.63953069102706e-14,tumor_dominant,0.7924845153573408,0.25345541263891275,-0.06115386972428023,4.7091768262674805e-9,controlled,6.730249176522881
6.206314166898218e-6,9.624153729120584e6,6.983362596611825,-0.09284609225561016,2.6944161430724427e-14,tumor_dominant,0.4703942264548224,0.1674337887756226,-0.06117274604560759,1.4800112801971466e-9,controlled,6.815928807836203
6.594054100606915e-6,9.61609159723636e6,6.9829986366756325,-0.09269974615355836,1.1237835949322321e-13,tumor_dominant,0.2702881400623828,0.103902243354004,-0.06118438880567407,1.9938139472763794e-9,controlled,6.879096393321628
7.006018115170941e-6,9.607518106617326e6,6.982611256825194,-0.09254439312613796,8.447472553599415e-14,tumor_dominant,0.15003409305097523,0.060710715313992115,-0.06119135206459255,5.754156207065658e-10,controlled,6.921900541511202
7.443719611822047e-6,9.598400289074205e6,6.982198902919536,-0.09237948549037675,2.1250773308129165e-14,tumor_dominant,0.08027917304893263,0.03353600330828236,-0.06119537869254676,4.167886869612985e-10,controlled,6.948662899611254
7.908766541645225e-6,9.58870297856537e6,6.981759911342314,-0.09220444280832829,5.4917828805545396e-14,tumor_dominant,0.041310621703478934,0.017580298357157628,-0.06119762379082922,5.455508088650149e-10,controlled,6.9641796129851565
8.402867312587614e-6,9.578388654696694e6,6.981292500428712,-0.09201864993889985,2.935420974100898e-14,tumor_dominant,0.02039398618475311,0.008767890378292119,-0.0611988273747254,4.4746897535521523e-10,controlled,6.97252461005042
8.927837065508477e-6,9.567417273674902e6,6.980794761103633,-0.0918214549681628,5.0934527996892875e-14,tumor_dominant,0.009633741363604863,0.004163856007788881,-0.06119944589076577,3.386629720849411e-9,controlled,6.976630905095844
9.485604342325593e-6,9.555746085508363e6,6.980264646642755,-0.09161216699962318,4.658361256580701e-14,tumor_dominant,0.004342522328022902,0.0018818504466569424,-0.06119975024852427,1.6462615611694326e-9,controlled,6.978382796196098
1.0078218170754866e-5,9.543329436104925e6,6.979699961455918,-0.09139005379821138,3.9666878437891346e-14,tumor_dominant,0.0018623911706663928,0.0008080739670048927,-0.061199892796892474,1.6794740386987665e-9,controlled,6.9788918874889125
1.0707855591669263e-5,9.530118552750845e6,6.979098348778339,-0.09115433926978697,3.3502226119625966e-14,tumor_dominant,0.000757582938863133,0.00032888952510984657,-0.06119995604633192,4.127297870451544e-9,controlled,6.978769459253229
1.1376829656730377e-5,9.516061311262814e6,6.978457277138768,-0.09090420075650299,9.701649273907183e-14,tumor_dominant,0.00029132959223731415,0.00012650440797959975,-0.061199983049303214,2.000671078503221e-9,controlled,6.978330772730788
1.2087597925672268e-5,9.501101982885038e6,6.977774025454622,-0.09063876613882424,5.098211134239213e-14,tumor_dominant,0.00010553807081014729,4.5832183305998694e-5,-0.06119999372277451,1.877821401963283e-9,controlled,6.977728193271315
1.2842771494454064e-5,9.485180958746454e6,6.977045666581723,-0.09035711070964056,1.1177372745413952e-13,tumor_dominant,3.588258839073344e-5,1.5583330551094224e-5,-0.061199997469071336,3.9376700792268554e-9,controlled,6.977030083251171
1.3645124587446851e-5,9.468234449393915e6,6.9762690491198605,-0.09005825379391807,6.762276594630485e-14,tumor_dominant,1.1404792675181637e-5,4.953010282090088e-6,-0.06119999895400771,1.9078742719526034e-9,controlled,6.9762640961095785
1.4497604748893104e-5,9.450194156569237e6,6.975440777244287,-0.08974115508678274,5.875436374619177e-14,tumor_dominant,3.374357521693935e-6,1.4654623791143605e-6,-0.06120000026175868,3.5679087408811824e-9,controlled,6.975439311781908
1.540334367107859e-5,9.430986913987119e6,6.974557188296262,-0.08940471068186087,8.997152337507334e-14,tumor_dominant,9.252349305447481e-7,4.018242388672302e-7,-0.06120000077197195,7.816151913490789e-9,controlled,6.974556786472023
1.636566869899467e-5,9.4105342933879e6,6.973614327821792,-0.08904774871186524,2.216296345800066e-14,tumor_dominant,2.339944393306548e-7,1.0162248192937275e-7,-0.06120000016534358,1.6608320411642205e-9,controlled,6.97361422619931
1.7388115053755714e-5,9.38875217156848e6,6.97260792169517,-0.08866902458883497,8.494931484116968e-14,tumor_dominant,5.430737693795055e-8,2.3585393534602527e-8,-0.06120000085108302,8.511040626188403e-9,controlled,6.972607898109777
1.8474438819674896e-5,9.365550253412375e6,6.971533344900717,-0.08826721575832666,1.2638503379467433e-13,tumor_dominant,1.1504851669704116e-8,4.996493596166265e-9,-0.06120000054388842,5.4441494735804405e-9,controlled,6.971533339904223
1.962863074270905e-5,9.340831545128776e6,6.970385586470092,-0.0878409158914249,9.163579668774811e-14,tumor_dominant,2.212058314298438e-9,9.606847184858368e-10,-0.06120000088385002,8.834740136443491e-9,controlled,6.9703855855094075
2.0854930890961812e-5,9.314491770933505e6,6.9691592099802495,-0.0873886284277259,1.428949525212404e-13,tumor_dominant,3.836847549009381e-10,1.6663221817681464e-10,-0.061200000668752,6.686584957107321e-9,controlled,6.9691592098136175
2.215784423110338e-5,9.286418725225652e6,6.9678483089047765,-0.0869087593670157,3.2043522789149804e-14,tumor_dominant,5.965133828519601e-11,2.5906271657194764e-11,-0.06120000076909028,7.691669725095011e-9,controlled,6.96784830887887
2.354215717792758e-5,9.256491550883383e6,6.9664464559738715,-0.08639960916984923,3.633104010402164e-14,tumor_dominant,8.255888065019584e-12,3.5854659533769763e-12,-0.0612000007145069,7.145106565608907e-9,controlled,6.966446455970286
2.501295517784446e-5,9.224579932553658e6,6.9649466455288245,-0.085859363604943,1.1565197925469473e-13,tumor_dominant,1.0098347474717884e-12,4.3857613178821354e-13,-0.06120000074339726,7.4335891690357655e-9,controlled,6.964946645528386
2.6575641390902075e-5,9.190543191664353e6,6.963341227647233,-0.08528608336858279,5.635321926128235e-14,tumor_dominant,1.000000000000001e-12,4.343330909353833e-13,-0.06120000072774285,7.2773664124715375e-9,controlled,6.963341227646799
2.8235956539969818e-5,9.154229267231554e6,6.961621832553839,-0.0846776922129964,5.279627936350134e-14,tumor_dominant,1.000000000000001e-12,4.343330909353833e-13,-0.061200000735777096,7.355943736254287e-9,controlled,6.961621832553405
3.000000000000001e-5,9.115473563228222e6,6.95977928350403,-0.08403196332352686,7.518703977381169e-14,tumor_dominant,1.000000000000001e-12,4.343330909353833e-13,-0.06120000055718387,5.57494836165062e-9,controlled,6.959779283503596
