seed,branch_index,step,q,b6,T,M,NK,CTL,B,logT,residual,max_real_eig,stable,n_unstable,n_imag
high_seed,1,0,-7.0,1.0e-7,9.750214515764663e6,487535.85538154904,716.3841554337637,15.755575831581922,205.03003602567838,6.989014215316272,2.985952285210138e-13,-0.09516874565175487,true,0,0
high_seed,2,1,-6.997281011176259,1.0062803422990296e-7,9.75020163634189e6,487535.21266434697,716.385097851757,15.755596508645112,205.03030620574202,6.98901364164014,1.7027942658563297e-14,-0.09516850488762563,true,0,0
high_seed,3,2,-6.986740085783935,1.0310029649267095e-7,9.750150936219672e6,487532.68259436684,716.3888077244312,15.75567790487456,205.0313697822487,6.989011383344453,1.0985485396697053e-14,-0.09516755712155464,true,0,0
high_seed,4,3,-6.9761991603986555,1.0563329809681879e-7,9.750098990201257e6,487530.0903508501,716.3926088027777,15.755761302195117,205.0324595063595,6.989009069541612,2.1811074958360062e-14,-0.09516658607714298,true,0,0
high_seed,5,4,-6.965658235020771,1.0822853130606267e-7,9.75004576766318e6,487527.43440560275,716.3965033305686,15.755846749836017,205.033576021339,6.989006698866674,3.446403674558561e-14,-0.09516559118281326,true,0,0
high_seed,6,5,-6.955117309650651,1.1088752504652439e-7,9.749991237228911e6,487524.71319285105,716.4004936068509,15.755934298239284,205.0347199862981,6.989004269921102,1.1618005583614936e-14,-0.09516457185295833,true,0,0
high_seed,7,6,-6.944576384288681,1.1361184580746534e-7,9.749935366750328e6,487521.92510831665,716.4045819873138,15.756023999089635,205.0358920765864,6.989001781271933,2.0563145874682454e-14,-0.09516352748760662,true,0,0
high_seed,8,7,-6.934035458935267,1.1640309856414787e-7,9.749878123288717e6,487519.0685082685,716.4087708856844,15.75611590534521,205.03709298419272,6.9889992314509355,8.297016976453118e-15,-0.0951624574720597,true,0,0
high_seed,9,8,-6.923494533590834,1.1926292772337103e-7,9.749819473095322e6,487516.14170855185,716.4130627751663,15.756210071269038,205.03832341815698,6.988996618953729,4.574429918911333e-14,-0.09516136117653942,true,0,0
high_seed,10,9,-6.9129536082558305,1.221930180922357e-7,9.749759381591395e6,487513.14298359345,716.4174601899041,15.756306552461275,205.03958410499047,6.988993942238905,8.173995695952762e-15,-0.09516023795581287,true,0,0
high_seed,11,10,-6.902412682930724,1.251950958707113e-7,9.749697813347764e6,487510.0705653812,716.4219657264948,15.756405405892249,205.04087578910858,6.9889911997271055,2.153309384884001e-14,-0.09515908714881743,true,0,0
high_seed,12,11,-6.891871757616009,1.2827092966858736e-7,9.749634732063897e6,487506.9226424198,716.4265820455299,15.75650668993634,205.04219923327358,6.988988389800086,2.196164791793207e-14,-0.09515790807826809,true,0,0
high_seed,13,12,-6.881330832312202,1.3142233154741006e-7,9.749570100546448e6,487503.69735866,716.4313118731753,15.756610464406691,205.04355521904688,6.988985510799764,1.9154762372664487e-14,-0.09515670005026763,true,0,0
high_seed,14,13,-6.870789907019847,1.346511580880177e-7,9.749503880687272e6,487500.39281240146,716.4361580027958,15.756716790590811,205.04494454725574,6.988982561027225,1.837909753448768e-14,-0.09515546235389216,true,0,0
high_seed,15,14,-6.860248981739512,1.379593114843031e-7,9.7494360334409e6,487497.00705516886,716.4411232966154,15.756825731286977,205.04636803846864,6.988979538741724,2.0709369618239897e-14,-0.09515419426077773,true,0,0
high_seed,16,15,-6.849708056471798,1.413487406638471e-7,9.749366518801462e6,487493.5380905597,716.4462106874228,15.756937350841675,205.04782653348315,6.98897644215965,1.3411930759889076e-14,-0.0951528950246926,true,0,0
high_seed,17,16,-6.839167131217331,1.4482144243608582e-7,9.749295295779029e6,487489.9838730648,716.4514231803123,15.757051715187822,205.04932089382768,6.988973269453466,1.4562622465733347e-14,-0.0951515638810988,true,0,0
high_seed,18,17,-6.8286262059767715,1.4837946266868478e-7,9.749222322375376e6,487486.3423068577,716.45676385448,15.757168891884117,205.05085200227384,6.988970018750629,2.8158651775318353e-14,-0.09515020004670591,true,0,0
high_seed,19,18,-6.818085280750813,1.5202489749281418e-7,9.749147555559155e6,487482.6112445563,716.4622358650503,15.757288950155202,205.05242076336185,6.988966688132471,2.9562283107347064e-14,-0.09514880271900819,true,0,0
high_seed,20,19,-6.8075443555401804,1.5575989453803774e-7,9.749070951240452e6,487478.7884859526,716.4678424449618,15.757411960932929,205.05402810393957,6.988963275633069,7.26938174272857e-15,-0.09514737107581688,true,0,0
high_seed,21,20,-6.797003430345638,1.5958665419753722e-7,9.748992464244692e6,487474.87177671184,716.4735869068883,15.757537996898582,205.05567497371536,6.988959779238074,2.928529826653582e-14,-0.09514590427477779,true,0,0
high_seed,22,21,-6.786462505167988,1.6350743092442403e-7,9.748912048285946e6,487470.8588070385,716.4794726452171,15.757667132526295,205.05736234582335,6.988956196883516,1.8564233262762793e-14,-0.09514440145287699,true,0,0
high_seed,23,22,-6.7759215800080685,1.6752453455989766e-7,9.748829655939527e6,487466.74721031025,716.485503138072,15.75779944412737,205.059091217404,6.9889525264545735,7.527850066409556e-15,-0.09514286172593439,true,0,0
high_seed,24,23,-6.765380654866765,1.716403316940335e-7,9.748745238613956e6,487462.5345616786,716.4916819493856,15.75793500989577,205.06086261019877,6.988948765784325,3.626663655909947e-14,-0.09514128418808791,true,0,0
high_seed,25,24,-6.754839729745004,1.7585724706000435e-7,9.74865874652219e6,487458.21837663284,716.4980127310278,15.758073909954842,205.0626775711598,6.988944912652456,4.209288202686191e-14,-0.09513966791125936,true,0,0
high_seed,26,25,-6.7442988046437575,1.8017776496255498e-7,9.748570128652187e6,487453.79610953055,716.5044992249842,15.758216226405091,205.06453717307437,6.988940964783942,2.6693272645147562e-14,-0.09513801194461421,true,0,0
high_seed,27,26,-6.733757879564048,1.8460443074157052e-7,9.748479332736706e6,487449.2651520927,716.5111452655874,15.758362043373188,205.06644251520535,6.988936919847696,1.3319129375736687e-14,-0.0951363153139995,true,0,0
high_seed,28,27,-6.723216954506948,1.8913985227160242e-7,9.748386305222366e6,487444.6228318567,716.5179547818118,15.758511447062185,205.06839472394745,6.988932775455182,2.3171559673016597e-14,-0.09513457702138117,true,0,0
high_seed,29,28,-6.712676029473584,1.9378670149823551e-7,9.748290991237963e6,487439.86641059763,716.5249317996156,15.758664525803034,205.07039495350094,6.988928529158995,9.69413924246457e-15,-0.09513279604425309,true,0,0
high_seed,30,29,-6.702135104465137,1.9854771601220012e-7,9.74819333456198e6,487434.99308270554,716.5320804443472,15.758821370107347,205.07244438656005,6.988924178451407,4.6684283677672565e-14,-0.09513097133503978,true,0,0
high_seed,31,30,-6.691594179482849,2.0342570066215703e-7,9.748093277589299e6,487429.9999735252,716.5394049432147,15.758982072721487,205.07454423502057,6.988919720762872,3.2712063942500043e-14,-0.09512910182048387,true,0,0
high_seed,32,31,-6.681053254528022,2.084235292071056e-7,9.747990761297097e6,487424.884137653,716.5469096278078,15.759146728682085,205.07669574070442,6.9889151534605,1.9835039165813625e-14,-0.09512718640101636,true,0,0
high_seed,33,32,-6.670512329602024,2.1354414600938713e-7,9.747885725209897e6,487419.64255719405,716.5545989366941,15.759315435372827,205.0789001761028,6.988910473846487,1.2291124796088013e-14,-0.09512522395011923,true,0,0
high_seed,34,33,-6.659971404706291,2.187905677692843e-7,9.74777810736374e6,487414.272139974,716.5624774180702,15.759488292582668,205.0811588451367,6.988905679156515,1.8154978040642262e-14,-0.09512321331365384,true,0,0
high_seed,35,34,-6.649430479842331,2.2416588530223354e-7,9.74766784426949e6,487408.7697177074,716.5705497324882,15.759665402565709,205.08347308393834,6.988900766558095,3.014432223667407e-14,-0.09512115330919849,true,0,0
high_seed,36,35,-6.638889555011726,2.2967326535970202e-7,9.747554870875215e6,487403.13204412075,716.5788206556448,15.759846870102349,205.0858442616508,6.988895733148894,3.229610984387043e-14,-0.0951190427253508,true,0,0
high_seed,37,36,-6.628348630216138,2.3531595249479906e-7,9.747439120527655e6,487397.35579302884,716.5872950812416,15.760032802561996,205.08827378124877,6.988890575954992,1.1269133917589226e-14,-0.09511688032101723,true,0,0
high_seed,38,37,-6.61780770545731,2.410972709737212e-7,9.747320524932718e6,487391.4375563653,716.5959780239199,15.760223309967552,205.09076308037848,6.988885291929119,2.0985453856269952e-14,-0.09511466482469198,true,0,0
high_seed,39,38,-6.607266780737076,2.470206267341573e-7,9.747199014114993e6,487385.3738421595,716.6048746222659,15.760418505061262,205.09331363222097,6.988879877948835,2.1238791458297227e-14,-0.09511239493370974,true,0,0
high_seed,40,39,-6.596725856057357,2.530895093918102e-7,9.747074516376292e6,487379.16107247025,716.6139901418926,15.760618503372386,205.09592694637402,6.988874330814668,4.2723593892655736e-14,-0.09511006931348756,true,0,0
high_seed,41,40,-6.586184931420171,2.59307494296211e-7,9.746946958253136e6,487372.79558126203,716.6233299786009,15.760823423286496,205.09860456975997,6.988868647248206,1.1143915376667251e-14,-0.09510768659674138,true,0,0
high_seed,42,41,-6.575644006827638,2.656782446370409e-7,9.746816264473192e6,487366.2736122327,716.632899661618,15.761033386116619,205.10134808755302,6.988862823890143,1.7966982166117972e-14,-0.09510524538268952,true,0,0
high_seed,43,42,-6.565103082281983,2.7220551360220263e-7,9.746682357910635e6,487359.5913165852,716.642704856919,15.76124851617601,205.10415912413202,6.988856857298268,3.173323941185978e-15,-0.09510274423623372,true,0,0
high_seed,44,43,-6.554562157785541,2.788931465889102e-7,9.746545159540405e6,487352.74475074443,716.6527513706318,15.761468940852907,205.10703934405652,6.9888507439454175,8.838176204996667e-15,-0.09510018168711948,true,0,0
high_seed,45,44,-6.544021233340765,2.8574508346909773e-7,9.74640458839134e6,487345.7298740187,716.6630451525266,15.761694790687123,205.10999045306716,6.988844480217364,3.392648613692608e-14,-0.09509755622907953,true,0,0
high_seed,46,45,-6.53348030895023,2.9276536091048874e-7,9.746260561498104e6,487338.54254620156,716.6735922995965,15.761926199448485,205.1130141991126,6.988838062410658,2.5057967916650903e-14,-0.0950948663189527,true,0,0
high_seed,47,46,-6.522939384616638,2.9995811475468405e-7,9.746112993851984e6,487331.17852511554,716.6843990597245,15.762163304217452,205.11611237339994,6.988831486730414,1.435869472001341e-14,-0.09509211037578477,true,0,0
high_seed,48,47,-6.512398460342828,3.073275824536779e-7,9.74596179835041e6,487323.63346409297,716.6954718354477,15.76240624546757,205.11928681147498,6.988824749288045,1.2154472954996542e-14,-0.09508928677990292,true,0,0
high_seed,49,48,-6.501857536131778,3.14878105566231e-7,9.745806885745274e6,487315.9029093971,716.7068171878135,15.762655167150127,205.12253939432694,6.988817846098932,1.5851117025804045e-14,-0.09508639387197379,true,0,0
high_seed,50,49,-6.491316611986617,3.226141323155741e-7,9.745648164589906e6,487307.98229757656,716.7184418403335,15.762910216780908,205.1258720495227,6.9888107730800435,3.3501274472830144e-14,-0.09508342995203445,true,0,0
high_seed,51,50,-6.480775687910629,3.305402202099479e-7,9.745485541184796e6,487299.866952756,716.7303526830391,15.763171545529167,205.12928675236907,6.988803526047492,9.883927824472948e-15,-0.09508039327849928,true,0,0
high_seed,52,51,-6.470234763907262,3.386610387275245e-7,9.745318919521922e6,487291.5520838574,716.7425567766408,15.763439308308865,205.13278552710545,6.9887961007140245,3.099987602522686e-14,-0.09507728206714727,true,0,0
high_seed,53,52,-6.459693839980137,3.4698137206728893e-7,9.745148201227719e6,487283.0327817557,716.7550613567889,15.76371366387213,205.1363704481248,6.988788492686463,4.0306532492350855e-14,-0.09507409449007834,true,0,0
high_seed,54,53,-6.449152916133053,3.5550612196750443e-7,9.74497328550461e6,487274.30401635956,716.7678738384462,15.76399477490532,205.14004364122883,6.988780697463062,3.8664846647214885e-14,-0.09507082867465266,true,0,0
high_seed,55,54,-6.438611992370001,3.6424031059341836e-7,9.74479406907112e6,487265.3606336228,716.7810018203716,15.76428280812717,205.14380728491122,6.988772710430817,1.8884861917077207e-14,-0.09506748270239551,true,0,0
high_seed,56,55,-6.428071068695171,3.7318908349591315e-7,9.744610446100447e6,487256.19735247985,716.7944530897136,15.76457793438979,205.14766361167673,6.988764526862698,1.045997319305256e-14,-0.09506405460788137,true,0,0
high_seed,57,56,-6.417530145112962,3.8235771264284285e-7,9.74442230815757e6,487246.8087617062,716.8082356267267,15.76488032878203,205.1516149093921,6.9887561419148065,8.940160853673065e-15,-0.0950605423775904,true,0,0
high_seed,58,57,-6.406989221627992,3.917515995248395e-7,9.744229544134727e6,487237.18931669946,716.8223576096048,15.765190170735519,205.15566352267166,6.9887475506234775,2.002461839237267e-14,-0.09505694394873344,true,0,0
high_seed,59,58,-6.39644829824511,4.0137627833742464e-7,9.744032040185334e6,487227.3333361805,716.8368274194366,15.765507644133418,205.1598118542992,6.98873874790229,2.3191539080337024e-14,-0.09505325720805491,true,0,0
high_seed,60,59,-6.385907374969406,4.112374192412933e-7,9.743829679656243e6,487217.23499881395,716.8516536452896,15.765832937421964,205.16406236668448,6.988729728539018,2.3935666051226628e-14,-0.09504947999059996,true,0,0
high_seed,61,60,-6.375366451806227,4.2134083170269227e-7,9.743622343018308e6,487206.8883397425,716.8668450894232,15.766166243724841,205.1684175833585,6.988720487192493,3.596603010912632e-14,-0.09504561007845735,true,0,0
high_seed,62,61,-6.364825528761184,4.316924679158654e-7,9.743409907795232e6,487196.2872470365,716.8824107726355,15.766507760960419,205.17288009050515,6.988711018389394,1.041460720608292e-14,-0.09504164519946981,true,0,0
high_seed,63,62,-6.35428460584017,4.4229842630957677e-7,9.743192248490624e6,487185.42545805353,716.8983599397465,15.766857691962167,205.17745253853525,6.988701316520955,2.6683758006909814e-14,-0.0950375830259105,true,0,0
high_seed,64,63,-6.343743683049372,4.531649551397761e-7,9.742969236513255e6,487174.29655570834,716.9147020652202,15.767216244601954,205.1821376436975,6.988691375839584,1.617043323626997e-14,-0.09503342117313428,true,0,0
high_seed,65,64,-6.3332027603957775,4.6429845617000137e-7,9.742740740100462e6,487162.8939646506,716.9314468589344,15.767583631916583,205.18693818973176,6.988681190455408,2.079041184324852e-14,-0.09502915719819038,true,0,0
high_seed,66,65,-6.325835623632878,4.7224174649135845e-7,9.74257771405872e6,487154.758522454,716.9433942972573,15.767845763365086,205.19036338759017,6.988673923311867,1.2635176977179277e-14,-0.09502611510811337,true,0,0
high_seed,67,66,-6.320842012650812,4.777030205306561e-7,9.742465626662087e6,487149.1650568233,716.9516089048213,15.768025995046123,205.19271842444593,6.9886689267684154,3.322988918438233e-14,-0.09502402360894988,true,0,0
high_seed,68,67,-6.31745723081413,4.814406637928948e-7,9.742388914369822e6,487145.33690494177,716.9572310672495,15.768149347470427,205.19433023609503,6.9886655071152965,1.7279270081991787e-14,-0.09502259222498347,true,0,0
high_seed,69,68,-6.315162949552824,4.839907376650191e-7,9.742336575684125e6,487142.72506223974,716.961066964591,15.768233508544297,205.1954299453681,6.988663173964637,1.4007838647841419e-14,-0.0950216156460453,true,0,0
high_seed,70,69,-6.313607834107723,4.857269113269573e-7,9.742300941631408e6,487140.9468261204,716.9636786044639,15.768290808934257,205.19617867359912,6.988661585464891,3.794670623291032e-14,-0.09502095076304616,true,0,0
high_seed,71,70,-6.312553741878293,4.869072689770628e-7,9.74227671533442e6,487139.7378680222,716.9654541743446,15.76832976562452,205.19668770982696,6.988660505498345,4.650459540922281e-14,-0.0950204987364753,true,0,0
high_seed,72,71,-6.312553741878293,4.869072689770628e-7,9.74227671533442e6,487139.7378680222,716.9654541743446,15.76832976562452,205.19668770982696,6.988660505498345,4.650459540922281e-14,-0.0950204987364753,true,0,0
high_seed,73,72,-6.311499649650444,4.880904949947368e-7,9.74225243010374e6,487138.52596896654,716.9672340723713,15.768368817275745,205.19719798689084,6.988659422901941,4.2016114515231436e-14,-0.09502004561289627,true,0,0
high_seed,74,73,-6.309944534213442,4.898413753147181e-7,9.742216493886895e6,487136.73265400546,716.9698679034612,15.768426604548136,205.19795307711993,6.988657820918419,2.669870504495547e-14,-0.09501937510533082,true,0,0
high_seed,75,74,-6.307650252976643,4.924359456807868e-7,9.74216324097275e6,487134.07518872665,716.9737709426024,15.768512238734804,205.1990720352707,6.988655446971217,2.4364419755429765e-14,-0.09501838150869385,true,0,0
high_seed,76,75,-6.3042654712034505,4.962888622015045e-7,9.74208416026667e6,487130.12884631916,716.9795670436365,15.76863940742828,205.20073371336528,6.988651921629946,3.6914404392858335e-14,-0.09501690603844065,true,0,0
high_seed,77,76,-6.299271860374575,5.020282306831029e-7,9.741966359116418e6,487124.2502482758,716.9882012751475,15.768828845794287,205.20320905217946,6.988646670115717,1.3675942973748435e-14,-0.09501470818204405,true,0,0
high_seed,78,77,-6.291904723967383,5.106170074465453e-7,9.74179007083851e6,487115.4529831066,717.0011227076415,15.769112346989449,205.2069134843548,6.988638811157026,2.9094221222129665e-14,-0.09501141922594977,true,0,0
high_seed,79,78,-6.281363802092281,5.231620078685852e-7,9.741532573537985e6,487102.60316598817,717.0199973697672,15.769526464304572,205.21232464221168,6.988627331631968,3.147823434943079e-14,-0.09500661542514213,true,0,0
high_seed,80,79,-6.270822880398974,5.360152176113582e-7,9.741268742753409e6,487089.43729006767,717.0393373107079,15.76995078998278,205.21786919088618,6.988615569438197,4.7731994900960504e-14,-0.09500169377262602,true,0,0
high_seed,81,80,-6.260281958897146,5.491842088358366e-7,9.740998422522584e6,487075.94757235504,717.0591540394045,15.770385576532203,205.22355042990213,6.988603517599307,3.0940462232506273e-14,-0.09499665138134089,true,0,0
high_seed,82,81,-6.249741037596353,5.626767397370999e-7,9.740721453033669e6,487062.1260377506,717.0794593514382,15.770831082749865,205.22937174096313,6.988591168965909,6.133573451306249e-15,-0.09499148529370591,true,0,0
high_seed,83,82,-6.239200116506632,5.76500759114031e-7,9.740437670529703e6,487047.9645142777,717.1002653362742,15.771287573880608,205.23533659002743,6.988578516211306,3.560237501686833e-14,-0.09498619247990717,true,0,0
high_seed,84,83,-6.228659195638522,5.906644110519793e-7,9.740146907210732e6,487033.4546282015,717.1215843846812,15.771755321779736,205.24144852943658,6.988565551827048,2.7025117347248478e-14,-0.09498076983614437,true,0,0
high_seed,85,84,-6.218118275003086,6.051760397204561e-7,9.73984899113352e6,487018.58779902186,717.1434291963492,15.77223460508032,205.2477112000987,6.988552268118386,2.8261914469810312e-14,-0.09497521418283388,true,0,0
high_seed,86,85,-6.207577354611943,6.200441942886827e-7,9.739543746108692e6,487003.3552343411,717.1658127877068,15.772725709364613,205.2541283337304,6.988538657199596,2.0922076910763874e-14,-0.09496952226277067,true,0,0
high_seed,87,86,-6.197036434477294,6.352776339618988e-7,9.73923099159534e6,486987.74792460515,717.1887484999384,15.773228927339913,205.26070375515513,6.988524710989197,3.084690159404352e-14,-0.09496369073924546,true,0,0
high_seed,88,87,-6.1864955146119485,6.508853331413867e-7,9.738910542592982e6,486971.75663770974,717.2122500072122,15.773744559019143,205.2674413846612,6.988510421205037,1.8105056760931305e-14,-0.09495771619411608,true,0,0
high_seed,89,88,-6.175954595029359,6.668764867112508e-7,9.738582209530767e6,486955.3719134737,717.2363313251202,15.774272911906019,205.27434524042388,6.988495779359258,3.1886511924539213e-14,-0.09495159512583487,true,0,0
high_seed,90,89,-6.1654136757436495,6.832605154550741e-7,9.738245798153965e6,486938.58405797195,717.2610068193454,15.774814301185124,205.28141944098797,6.98848077675313,2.0248666516023875e-14,-0.09494532394742371,true,0,0
high_seed,91,90,-6.154872756769652,7.000470716056244e-7,9.737901109407537e6,486921.38313772733,717.2862912145468,15.775369049916925,205.28866820781647,6.9884654044717545,3.043249809505465e-14,-0.09493889898440716,true,0,0
high_seed,92,91,-6.144331838122943,7.172460445308958e-7,9.737547939316837e6,486903.7589737548,717.3121996034832,15.775937489237897,205.2960958679063,6.988449653378628,1.7607252651101364e-14,-0.09493231647269298,true,0,0
high_seed,93,92,-6.133790919819876,7.348675665598231e-7,9.737186078865273e6,486885.7011354581,717.3387474563757,15.776519958565927,205.30370685647247,6.988433514110069,2.70463145462659e-14,-0.09492557255640108,true,0,0
high_seed,94,93,-6.123250001877625,7.52922018951101e-7,9.736815313868893e6,486867.1989343699,717.3659506305137,15.777116805811074,205.31150571970278,6.988416977069504,2.2756473651613982e-14,-0.09491866328564166,true,0,0
high_seed,95,94,-6.112709084314225,7.714200380086217e-7,9.736435424847854e6,486848.2414177374,717.3938253801169,15.777728387591935,205.31949711758406,6.988400032421602,2.6984563374984436e-14,-0.09491158461424214,true,0,0
high_seed,96,95,-6.102168167148614,7.903725213471329e-7,9.736046186894584e6,486828.8173619438,717.4223883664561,15.778355069457625,205.32768582680484,6.988382670086252,2.740307653175604e-14,-0.09490433239741546,true,0,0
high_seed,97,96,-6.091627250400679,8.097906343118066e-7,9.735647369538689e6,486808.9152657654,717.4516566682389,15.778997226115754,205.33607674373326,6.988364879732405,3.25911271570053e-14,-0.0948969023893799,true,0,0
high_seed,98,97,-6.081086334091304,8.296858165554883e-7,9.735238736608401e6,486788.5233434578,717.4816477922733,15.779655241666218,205.3446748874741,6.9883466507717324,1.743473843762792e-14,-0.09488929024091275,true,0,0
high_seed,99,98,-6.070545418242421,8.500697887775114e-7,9.734820046088558e6,486767.62951766857,717.5123796844133,15.780329509841478,205.35348540300694,6.988327972352137,3.436788875391993e-14,-0.09488149149685549,true,0,0
high_seed,100,99,-6.060004502877061,8.709545596280374e-7,9.734391049974978e6,486746.22141216905,717.543870740792,15.781020434252925,205.36251356440732,6.98830883335109,3.660051838647664e-14,-0.09487350159355112,true,0,0
high_seed,101,100,-6.049463588019409,8.923524327819819e-7,9.733951494125172e6,486724.28634440445,717.5761398193605,15.78172842864398,205.37176477815368,6.9882892223687945,3.213193763831048e-14,-0.09486531585622926,true,0,0
high_seed,102,101,-6.038922673694866,9.142760141866963e-7,9.733501118105263e6,486701.8113178542,717.6092062517229,15.782453917149889,205.3812445865233,6.988269127721172,2.84619410697186e-14,-0.09485692949631949,true,0,0
high_seed,103,102,-6.028381759930103,9.367382194876678e-7,9.733039655033026e6,486678.78301419993,717.6430898552982,15.783197334564376,205.39095867107625,6.988248537432671,2.8747727978477933e-14,-0.09484833760870989,true,0,0
high_seed,104,103,-6.017840846753136,9.597522816366076e-7,9.732566831416983e6,486655.18778529315,717.6778109458015,15.78395912661355,205.40091285623603,6.988227439228878,3.7344991839095636e-14,-0.09483953516893566,true,0,0
high_seed,105,104,-6.007299934193381,9.83331758686411e-7,9.732082366991391e6,486631.0116449218,717.7133903500586,15.784739750237087,205.4111131129633,6.988205820528948,5.4692661241725875e-14,-0.09483051703030049,true,0,0
high_seed,106,105,-5.9967590222817355,1.0074905417775627e-6,9.731585974547047e6,486606.2402603665,717.74984941917,15.785539673876862,205.42156556252957,6.988183668437825,4.6928792330556996e-14,-0.09482127792093345,true,0,0
high_seed,107,106,-5.986218111050646,1.0322428633207045e-6,9.731077359757803e6,486580.85894374223,717.7872100420215,15.786359377773534,205.43227648039175,6.988160969738276,4.2927643505154264e-14,-0.09481181244077433,true,0,0
high_seed,108,107,-5.97567720053419,1.0576033053801607e-6,9.730556221002676e6,486554.8526431202,717.8254946591658,15.787199354271,205.4432523001716,6.9881377108826905,4.461722324313783e-14,-0.09480211505848699,true,0,0
high_seed,109,108,-5.965136290768157,1.0835868082633746e-6,9.730022249183431e6,486528.20593342534,717.8647262770738,15.788060108129017,205.45449961774227,6.988113877984694,3.722144103225582e-14,-0.09479218010830046,true,0,0
high_seed,110,109,-5.954595381790136,1.1102086793212872e-6,9.72947512753752e6,486500.90300709906,717.9049284827745,15.78894215684448,205.46602519542623,6.98808945681052,3.514584110763151e-14,-0.09478200178677508,true,0,0
high_seed,111,110,-5.9440544736396035,1.137484601964857e-6,9.728914531446254e6,486472.9276645281,717.9461254588904,15.789846030981147,205.47783596630504,6.988064432770162,4.7643585063751186e-14,-0.09477157414949663,true,0,0
high_seed,112,111,-5.933513566358022,1.1654306449030111e-6,9.728340128238091e6,486444.2633042256,717.9883419990811,15.790772274508535,205.48993903864837,6.988038790908298,4.9100487810960157e-14,-0.09476089110768329,true,0,0
high_seed,113,112,-5.922972659988941,1.1940632716074552e-6,9.727751576986903e6,486414.89291276387,718.0316035239103,15.791721445150023,205.50234170046357,6.988012515894962,4.51788311850359e-14,-0.09474994642472359,true,0,0
high_seed,114,113,-5.9124317545781,1.2233993500099342e-6,9.727148528305091e6,486384.79905444966,718.075936097143,15.792694114740259,205.5150514241672,6.987985592015983,4.777350355026627e-14,-0.09473873371262538,true,0,0
high_seed,115,114,-5.901890850173539,1.2534561624376216e-6,9.726530624131395e6,486353.96386073506,718.1213664424881,15.793690869592643,205.52807587138713,6.987958003163162,4.7755639567379105e-14,-0.09472724642838301,true,0,0
high_seed,116,115,-5.891349946825718,1.2842514157924901e-6,9.725897497513315e6,486322.36901935755,718.1679219608047,15.794712310876616,205.54142289789462,6.987929732824191,5.727534983858152e-14,-0.09471547787026287,true,0,0
high_seed,117,116,-5.880809044587638,1.315803251980643e-6,9.725248772383904e6,486289.99576320185,718.2156307477753,15.795759055005568,205.5551005586729,6.987900764072304,5.4837826074846047e-14,-0.0947034211739956,true,0,0
high_seed,118,117,-5.870268143514966,1.3481302585977608e-6,9.724584063332886e6,486256.8248588763,718.2645216120717,15.796831734035154,205.56911711312503,6.98787107955565,4.901422958791017e-14,-0.09469106930888697,true,0,0
high_seed,119,118,-5.859727243666179,1.3812514798768994e-6,9.723902975371875e6,486222.83659499657,718.31462409402,15.797930996072907,205.5834810304256,6.987840661486391,5.870785579585002e-14,-0.0946784150738301,true,0,0
high_seed,120,119,-5.849186345102698,1.4151864279051231e-6,9.723205103693571e6,486188.01077016623,718.365968484782,15.799057505699054,205.59820099502122,6.987809491629497,6.366595348789358e-14,-0.0946654510932268,true,0,0
high_seed,121,120,-5.838645447889042,1.4499550941155353e-6,9.722490033424754e6,486152.3266806514,718.418585846072,15.800211944398894,205.61328591228366,6.987777551291243,7.297116761343435e-14,-0.09465216981281963,true,0,0
high_seed,122,121,-5.828104552092983,1.4855779610614772e-6,9.721757339372922e6,486115.7631077353,718.4725080304191,15.801395011007521,205.62874491431967,6.987744821307413,6.766484929809972e-14,-0.09463856349541719,true,0,0
high_seed,123,122,-5.817563657785711,1.5220760144797919e-6,9.721006585766405e6,486078.2983047476,718.527767702001,15.802607422166677,205.64458736594383,6.98771128203116,6.233943359707958e-14,-0.09462462421652446,true,0,0
high_seed,124,123,-5.807022765042013,1.5594707556502561e-6,9.720237325987764e6,486039.90998376004,718.5843983580551,15.803849912794595,205.66082287081926,6.987676913320564,6.560253452721712e-14,-0.09461034385987382,true,0,0
high_seed,125,124,-5.796481873940447,1.5977842140584528e-6,9.719449102300301e6,486000.5753019365,718.6424343508943,15.80512323656891,205.67746127776925,6.987641694525837,8.964312996055869e-14,-0.09459571411284802,true,0,0
high_seed,126,125,-5.785940984563541,1.6370389603694894e-6,9.718641445567505e6,485960.2708475317,718.7019109105394,15.806428166423192,205.69451268726775,6.987605604476192,7.5824308091904e-14,-0.09458072646179927,true,0,0
high_seed,127,126,-5.775400096997992,1.6772581197201976e-6,9.717813874965215e6,485918.9726255256,718.7628641680008,15.807765495057573,205.7119874581135,6.987568621466351,8.288116420021764e-14,-0.09456537218725619,true,0,0
high_seed,128,127,-5.76485921133488,1.7184653853376325e-6,9.716965897686332e6,485876.65604288643,718.8253311792046,15.809136035463807,205.72989621429198,6.9875307232426875,8.925458458761996e-14,-0.09454964235902541,true,0,0
high_seed,129,128,-5.754318327669887,1.7606850324918448e-6,9.716097008637851e6,485833.29589345027,718.889349949611,15.810540621465208,205.7482498520339,6.987491886988992,9.337316271546052e-14,-0.09453352783117375,true,0,0
high_seed,130,129,-5.74377744610354,1.8039419327911147e-6,9.715206690130038e6,485788.8663424082,718.9549594595288,15.811980108271971,205.76705954707344,6.987452089311847,9.178336278484923e-14,-0.09451701923689933,true,0,0
high_seed,131,130,-5.733236566741447,1.8482615688280616e-6,9.714294411557483e6,485743.3409103889,719.0221996901557,15.813455373052495,205.78633676211598,6.9874113062256065,1.1158338788833667e-13,-0.09450010698327882,true,0,0
high_seed,132,131,-5.722695689694568,1.893670049185192e-6,9.713359629071865e6,485696.6924571258,719.0911116503635,15.81496731552089,205.80609325451792,6.987369513136954,1.185290048607149e-13,-0.09448278124590069,true,0,0
high_seed,133,132,-5.712154815079479,1.9401941238087018e-6,9.71240178524615e6,485648.89316469914,719.1617374042582,15.816516858541622,205.8263410841889,6.9873266848290525,1.2643630655798794e-13,-0.09446503196336556,true,0,0
high_seed,134,133,-5.701613943018666,1.987861199759557e-6,9.711420308730034e6,485599.91452033806,719.2341200995318,15.818104948751472,205.8470926217227,6.9872827954452355,1.140894536926302e-13,-0.09444684883166657,true,0,0
high_seed,135,134,-5.69107307364082,2.0366993573510736e-6,9.710414613896344e6,485549.72729877423,719.3083039966393,15.819732557199467,205.8683605567622,6.987237818472266,1.159693509928192e-13,-0.09442822129844125,true,0,0
high_seed,136,135,-5.680532207081162,2.0867373666824516e-6,9.709384100478157e6,485498.30154413055,719.3843344988212,15.821400680005635,205.89015790660935,6.987191726723124,1.4129184286629595e-13,-0.09440913855708274,true,0,0
high_seed,137,136,-5.669991343481774,2.1380047045779782e-6,9.708328153196428e6,485445.6065513361,719.462258183001,15.823110339038708,205.91249802508457,6.987144492319311,1.5088097425694e-13,-0.09438958954072688,true,0,0
high_seed,138,137,-5.65945048299195,2.1905315719417913e-6,9.707246141377775e6,485391.6108470503,719.542122831594,15.82486258261391,205.93539461164767,6.987096086672675,1.518517203155904e-13,-0.09436956291609173,true,0,0
high_seed,139,138,-5.6489096257685665,2.244348911538398e-6,9.706137418562217e6,485336.2821700859,719.6239774652443,15.826658486211068,205.9588617207854,6.987046480466709,1.5842521305957216e-13,-0.09434904707718292,true,0,0
high_seed,140,139,-5.638368771976472,2.2994884262093305e-6,9.705001322100556e6,485279.58745131333,719.7078723765298,15.828499153214016,205.9829137716764,6.986995643637348,1.5253251616164402e-13,-0.0943280301388498,true,0,0
high_seed,141,140,-5.627827921788897,2.3559825975366172e-6,9.703837172741106e6,485221.492793036,719.7938591646671,15.830385715671868,206.0075655581428,6.986943545353202,1.6230679815642756e-13,-0.09430649993019743,true,0,0
high_seed,142,141,-5.617287075387884,2.413864704963988e-6,9.7026442742055e6,485161.9634478176,719.8819907712433,15.83231933508282,206.0328322588966,6.986890153995251,1.820620073912603e-13,-0.09428444398784887,true,0,0
high_seed,143,142,-5.60674623296474,2.473168845387004e-6,9.701421912753193e6,485100.96379674756,719.9723215170187,15.83430120320152,206.05872944809332,6.98683543713596,1.9899415608520887e-13,-0.09426184954904776,true,0,0
high_seed,144,143,-5.596205394720518,2.5339299532235347e-6,9.700169356734443e6,485038.45732712955,720.0649071398303,15.836332542870462,206.08527310620042,6.986779361517796,2.0713414052608314e-13,-0.0942387035446115,true,0,0
high_seed,145,144,-5.585664560866514,2.5961838209763533e-6,9.698885856131354e6,484974.40660957526,720.159804833636,15.838414608876475,206.11247963119436,6.986721893031143,2.1832994319781012e-13,-0.0942149925917154,true,0,0
high_seed,146,145,-5.575123731624797,2.6599671202998447e-6,9.697570642086694e6,484908.7732744868,720.2570732887355,15.840548688833007,206.1403658500936,6.986662996691583,2.1423602618267466e-13,-0.09419070298652385,true,0,0
high_seed,147,146,-5.564582907228766,2.7253174235831222e-6,9.696222926420089e6,484841.51798791107,720.3567727332148,15.842736104089182,206.1689490308439,6.986602636616522,2.365527268431694e-13,-0.09416582069664217,true,0,0
high_seed,148,147,-5.554042087923735,2.7922732260621375e-6,9.694841901131295e6,484772.6004267458,720.458964975649,15.844978210666609,206.19824689456382,6.986540776001152,2.5114505677283804e-13,-0.09414033135340352,true,0,0
high_seed,149,148,-5.54350127396755,2.8608739684737303e-6,9.693426737890098e6,484701.9792532814,720.5637134491145,15.847276400224743,206.2282776281657,6.986477377093722,2.614181486631074e-13,-0.09411422024397978,true,0,0
high_seed,150,149,-5.532960465631237,2.9311600602647714e-6,9.691976587512532e6,484629.61208905757,720.6710832565512,15.849632101055937,206.25905989736424,6.986412401170082,2.7153444433727597e-13,-0.0940874723033127,true,0,0
high_seed,151,150,-5.522419663199684,3.0031729033699657e-6,9.690490579422953e6,484555.4554880148,720.7811412175256,15.852046779111207,206.29061286008607,6.986345808507498,2.818536927196582e-13,-0.09406007210586173,true,0,0
high_seed,152,151,-5.511878866972361,3.076954916572138e-6,9.68896782110158e6,484479.46490892116,720.8939559164406,15.854521939057717,206.32295618029616,6.986277558357707,2.9888088908209444e-13,-0.0940320038571688,true,0,0
high_seed,153,152,-5.501338077264078,3.1525495604591767e-6,9.687407397517107e6,484401.5946870509,721.0095977522511,15.857059125369302,206.35611004225368,6.986207608919173,3.152313898591961e-13,-0.0940032513852252,true,0,0
high_seed,154,153,-5.490797294405783,3.230001362992182e-6,9.685808370543895e6,484321.79800509743,721.1281389897291,15.859659923450959,206.3900951652141,6.986135917308541,3.352259279453029e-13,-0.093973798131651,true,0,0
high_seed,155,154,-5.480256518745397,3.3093559456996617e-6,9.684169778363314e6,484240.026863292,721.249653812343,15.862325960798698,206.42493281859348,6.986062439531245,3.5400561417041043e-13,-0.09394362714266721,true,0,0
high_seed,156,155,-5.469715750648703,3.3906600505129624e-6,9.682490634848777e6,484156.2320487087,721.3742183768074,15.865058908196215,206.46064483761236,6.985987130451243,3.614402209630611e-13,-0.09391272105987292,true,0,0
high_seed,157,156,-5.459174990500277,3.47396156725857e-6,9.680769928933967e6,484070.36310373223,721.5019108693615,15.867860480949128,206.49725363943486,6.98590994375987,3.7918162852828133e-13,-0.09388106211080512,true,0,0
high_seed,158,157,-5.448634238704467,3.5593095618231778e-6,9.679006623963749e6,483982.36829365866,721.6328115638419,15.870732440158946,206.53478223982316,6.98583083194374,4.1364881311260715e-13,-0.09384863209929326,true,0,0
high_seed,159,158,-5.438093495686427,3.646754305007842e-6,9.677199657027246e6,483892.1945734084,721.7670028816157,15.873676594037583,206.57325427032538,6.985749746251709,4.269801013861217e-13,-0.09381541239558928,true,0,0
high_seed,160,159,-5.427552761893208,3.7363473020879715e-6,9.67534793827258e6,483799.7875533215,721.9045694534491,15.876694799264401,206.6126939960189,6.985666636660832,4.5128380970445376e-13,-0.09378138392628076,true,0,0
high_seed,161,160,-5.4170120377949,3.8281413230961915e-6,9.673450350202665e6,483705.0914640086,722.0455981833702,15.879788962387005,206.65312633382428,6.985581451841304,4.739030593560527e-13,-0.09374652716397408,true,0,0
high_seed,162,161,-5.4064713238858495,3.922190433845613e-6,9.67150574695152e6,483608.0491202291,722.1901783146155,15.882961041267658,206.69457687141914,6.985494139120329,4.996594237793224e-13,-0.09371082211674389,true,0,0
high_seed,163,162,-5.395930620685925,4.018550027711415e-6,9.669512953540482e6,483508.60188376496,722.338401497732,15.88621304657704,206.7370718867691,6.985404644444897,5.319294793035286e-13,-0.09367424831734672,true,0,0
high_seed,164,163,-5.385389928741864,4.117276858189042e-6,9.667470765113737e6,483406.68962526345,722.4903618609161,15.889547043337119,206.7806383683004,6.985312912343427,5.6053964421669e-13,-0.09363678481218826,true,0,0
high_seed,165,164,-5.374849248628688,4.218429072247782e-6,9.665377946152467e6,483302.25068501045,722.6461560826834,15.89296515251491,206.82530403574123,6.985218885886219,5.742482271205639e-13,-0.09359841015004705,true,0,0
high_seed,166,165,-5.3643085809511915,4.322066244498909e-6,9.663233229667025e6,483195.2218326092,722.8058834669504,15.896469552669355,206.87109736165485,6.985122506644705,6.025113493623572e-13,-0.09355910237053594,true,0,0
high_seed,167,166,-5.353767926345519,4.428249412197983e-6,9.661035316366421e6,483085.5382255241,722.9696460206235,15.900062481653046,206.91804759369288,6.985023714649427,6.384342187674562e-13,-0.09351883899231114,true,0,0
high_seed,168,167,-5.343227285480818,4.537041111101442e-6,9.658782873804394e6,482973.133366456,723.1375485338017,15.903746238371436,206.96618477759688,6.984922448346708,6.704557539593509e-13,-0.09347759700100805,true,0,0
high_seed,169,168,-5.332686659060993,4.64850541219794e-6,9.656474535501355e6,482857.93905951467,723.3096986626874,15.907523184601157,207.01553978097834,6.984818644553976,7.123407308953568e-13,-0.09343535283690682,true,0,0
high_seed,170,169,-5.3221460478265445,4.762707959335526e-6,9.654108900041455e6,482739.8853651464,723.4862070153151,15.9113957468704,207.0661443179061,6.9847122384136755,7.497375437236212e-13,-0.09339208238232087,true,0,0
high_seed,171,170,-5.311605452556516,4.879716007766064e-6,9.651684530143954e6,482618.90055378055,723.6671872402153,15.915366418403462,207.11803097433523,6.984603163345733,7.910485242195462e-13,-0.09334776094869254,true,0,0
high_seed,172,171,-5.301064874070545,4.999598463628902e-6,9.649199951708073e6,482494.9110581523,723.8527561181253,15.919437761132297,207.17123323441234,6.98449135099851,8.228021157910168e-13,-0.09330236326340621,true,0,0
high_seed,173,172,-5.2905243132310265,5.122425924396237e-6,9.646653652830537e6,482367.84142426046,724.0430336568766,15.92361240777743,207.22578550768904,6.984376731198188,8.830029612372487e-13,-0.0932558634562913,true,0,0
high_seed,174,173,-5.279983770945396,5.248270720303114e-6,9.64404408279485e6,482237.6142609145,724.2381431895803,15.92789306400162,207.28172315728582,6.984259231896547,9.176624486612257e-13,-0.09320823504582061,true,0,0
high_seed,175,174,-5.269443248168541,5.377206956785543e-6,9.641369651031429e6,482104.1501878275,724.4382114762628,15.932282510638704,207.33908252903967,6.984138779117042,9.71810141402531e-13,-0.09315945092500033,true,0,0
high_seed,176,175,-5.2589027459053375,5.509310557950767e-6,9.638628726047657e6,481967.3677822059,724.6433688090698,15.936783606001013,207.39790098168223,6.984015296899147,1.0183803670844354e-12,-0.09310948334692565,true,0,0
high_seed,177,176,-5.24836226521334,5.644659311104061e-6,9.635819634326821e6,481827.1835237868,724.8537491212145,15.941399288268789,207.45821691808703,6.983888707240886,1.0703814884402812e-12,-0.09305830391001733,true,0,0
high_seed,178,177,-5.237821807205611,5.7833329123572464e-6,9.632940659194997e6,481683.51173827297,725.0694900998054,15.946132577964601,207.5200698176325,6.98375893003947,1.137043610484291e-12,-0.09300588354290534,true,0,0
high_seed,179,178,-5.22728137305371,5.925413013344413e-6,9.629990039654693e6,481536.2645391112,725.2907333027312,15.950986580516863,207.58350026972784,6.983625883030004,1.1998362452972322e-12,-0.09295219248897588,true,0,0
high_seed,180,179,-5.216740963990855,6.0709832690710036e-6,9.626965969184287e6,481385.35176755866,725.5176242797717,15.955964488915814,207.64855000855255,6.983489481722136,1.2580414222747416e-12,-0.0928972002905558,true,0,0
high_seed,181,180,-5.206200581315253,6.220129386922964e-6,9.623866594501976e6,481230.6809309812,725.7503126981156,15.961069586466346,207.71526194905826,6.983349639334622,1.3211291866810207e-12,-0.09284087577272557,true,0,0
high_seed,182,181,-5.195660226393625,6.372939176863154e-6,9.620690014293162e6,481072.1571393232,725.9889524724755,15.966305249641412,207.78368022429188,6.983206266727686,1.3864015471389316e-12,-0.09278318702676094,true,0,0
high_seed,183,182,-5.185119900664925,6.529502602842865e-6,9.617434277899927e6,480909.68303968495,726.2337019000033,15.971674951040894,207.85385022409446,6.9830592723331035,1.4636872887384003e-12,-0.09272410139318658,true,0,0
high_seed,184,183,-5.174579605644272,6.68991183545679e-6,9.614097383971376e6,480743.1587489475,726.4847238002122,15.977182262460078,207.92581863523824,6.98290856208192,1.5332494727317151e-12,-0.09266358544442521,true,0,0
high_seed,185,184,-5.164039342927101,6.854261305870439e-6,9.610677279073467e6,480572.48178437253,726.7421856601339,15.982830858072914,207.99963348306358,6.982754039329704,1.6179870015016504e-12,-0.09260160496704295,true,0,0
high_seed,186,185,-5.153499114193555,7.022647761049426e-6,9.607171856256966e6,480397.5469921117,727.0062597849341,15.98862451773515,208.07534417468355,6.982595604779232,1.7093145825087802e-12,-0.09253812494356883,true,0,0
high_seed,187,186,-5.142958921213126,7.195170320320877e-6,9.603578953581978e6,480218.246473549,727.277123454242,15.994567130412445,208.1530015438291,6.982433156400514,1.8044474530773635e-12,-0.09247310953388174,true,0,0
high_seed,188,187,-5.132418765849558,7.371930533297545e-6,9.599896352597676e6,480034.4695094032,727.5549590844445,16.000662697739518,208.2326578974029,6.982266589348033,1.898695342795874e-12,-0.09240652205615196,true,0,0
high_seed,189,188,-5.1218786500660345,7.553032439195927e-6,9.596121776775489e6,479846.10248150886,727.8399543972228,16.00691533771594,208.31436706382667,6.982095795875096,1.9988799246162775e-12,-0.09233832496731512,true,0,0
high_seed,190,189,-5.111338575930665,7.738582627580219e-6,9.59225288989424e6,479653.02879219665,728.1323025946087,16.013329288545037,208.39818444325837,6.981920665245174,2.1058396970226333e-12,-0.09226847984307826,true,0,0
high_seed,191,190,-5.100798545622287,7.9286903005646e-6,9.588287294375403e6,479455.1287811812,728.4322025408779,16.01990891262256,208.4841670597723,6.9817410836401,2.216602193775198e-12,-0.09219694735743,true,0,0
high_seed,192,191,-5.090258561436606,8.123467336506789e-6,9.584222529566746e6,479252.2796398744,728.7398589515826,16.026658700681942,208.57237361558632,6.981556934064989,2.338344587921273e-12,-0.09212368726165063,true,0,0
high_seed,193,192,-5.07971862579269,8.323028355226463e-6,9.58005606997248e6,479044.3553230252,729.0554825900678,16.033583276103577,208.66286454743755,6.981368096249766,2.4661168665762925e-12,-0.09204865836279037,true,0,0
high_seed,194,193,-5.069178741239847,8.527490784782717e-6,9.575785323427945e6,478831.2264575898,729.3792904718262,16.040687399396006,208.75570208520804,6.981174446547111,2.6068569765235495e-12,-0.09197181850161468,true,0,0
high_seed,195,194,-5.058638910464901,8.736974929845233e-6,9.571407629216798e6,478612.76024873013,729.7115060770626,16.047975972856957,208.8509503129052,6.980975857826706,2.740911655923341e-12,-0.09189312452999193,true,0,0
high_seed,196,195,-5.048099136299897,8.951604041694421e-6,9.566920256128576e6,478388.82038283604,730.0523595718639,16.05545404542315,208.9486752321116,6.980772199365613,2.8855990829192677e-12,-0.09181253228769402,true,0,0
high_seed,197,196,-5.037559421730267,9.171504389886228e-6,9.562320400454404e6,478159.26692745637,730.4020880383918,16.063126817717862,209.04894482802564,6.980563336734591,3.044945142529495e-12,-0.09172999657860567,true,0,0
high_seed,198,197,-5.0270197699034656,9.396805335618057e-6,9.557605183918547e6,477923.9562280269,730.7609357145394,16.070999647305925,209.15182913821712,6.9803491316802075,3.2202053863006344e-12,-0.0916454711463118,true,0,0
high_seed,199,198,-5.016480184138139,9.627639406832316e-6,9.552771651543325e6,477682.7408012696,731.1291542435173,16.079078054166462,209.25740032423263,6.980129442002521,3.4001530183545585e-12,-0.09155890864904084,true,0,0
high_seed,200,199,-5.005940667933824,9.864142375095121e-6,9.547816769444881e6,477435.4692251391,731.5070029338659,16.08736772639406,209.36573274619283,6.979904121428164,3.5792021333242153e-12,-0.0914702606339394,true,0,0
high_seed,201,200,-4.995401224981235,1.0106453334287657e-5,9.542737422557158e6,477181.98602518375,731.8947490304084,16.09587452613984,209.47690304052966,6.979673019478605,3.767505381302267e-12,-0.09137947751065453,true,0,0
high_seed,202,201,-4.984861859173176,1.0354714781148245e-5,9.537530412281234e6,476922.1315571764,732.2926679967069,16.10460449580477,209.59099020102656,6.979435981333363,3.984964022512086e-12,-0.091286508524197,true,0,0
high_seed,203,202,-4.974322574616104,1.0609072697703742e-5,9.5321924540572e6,476655.74188587954,732.7010438095919,16.11356386449746,209.70807566332104,6.979192847687951,4.2068007249911416e-12,-0.09119130172705009,true,0,0
high_seed,204,203,-4.963783375642398,1.086967663562895e-5,9.526720174855413e6,476382.64865978074,733.1201692664063,16.122759054770736,209.82824339305907,6.978943454606304,4.438235455195099e-12,-0.09109380395050834,true,0,0
high_seed,205,204,-4.95324426682338,1.1136679802573012e-5,9.521110110583993e6,476102.6789816473,733.5503463056001,16.132196689650893,209.95157997787902,6.978687633367421,4.690732518055534e-12,-0.09099396077518834,true,0,0
high_seed,206,205,-4.942705252983127,1.141023915049226e-5,9.51535870340924e6,475815.655274728,733.9918863413826,16.141883599975,210.07817472343237,6.978425210305963,4.941961639367058e-12,-0.09089171650071226,true,0,0
high_seed,207,206,-4.93216633921314,1.1690515466028851e-5,9.509462298985334e6,475521.39514442714,734.445110613175,16.15182683205267,210.20811975365083,6.9781560066465085,5.220301146962942e-12,-0.0907870141144913,true,0,0
high_seed,208,207,-4.921627530887917,1.1977673462974672e-5,9.50341714358976e6,475219.7112352664,734.9103505506372,16.162033655669156,210.34151011548522,6.9778798383311536,5.515190037589678e-12,-0.09067979525959412,true,0,0
high_seed,209,208,-4.911088833681493,1.227188187686022e-5,9.49721938116049e6,474910.41108294175,735.3879481551126,16.17251157244839,210.47844388835443,6.977596515840161,5.82842520736607e-12,-0.09057000020165185,true,0,0
high_seed,210,209,-4.90055025358502,1.2573313561707659e-5,9.490865050230894e6,474593.29696126975,735.8782563983708,16.183268324595023,210.61902229856355,6.977305844005282,6.1654897498084104e-12,-0.09045756779475697,true,0,0
high_seed,211,210,-4.890011796925438,1.2882145588987619e-5,9.484350080758119e6,474268.16572381405,736.3816396395886,16.19431190403629,210.76334983895256,6.977007621815418,6.499929891303933e-12,-0.09034243544630152,true,0,0
high_seed,212,211,-4.879473470385339,1.3198559348818465e-5,9.477670290840408e6,473934.80863996263,736.8984740615782,16.205650561985713,210.9115343940728,6.976701642214225,6.8809876262034755e-12,-0.09022453908071784,true,0,0
high_seed,213,212,-4.8689352810240765,1.3522740653446735e-5,9.470821383318642e6,473593.0112252222,737.4291481273143,16.21729281895175,211.06368737118962,6.9763876918892604,7.271246405998112e-12,-0.09010381310205884,true,0,0
high_seed,214,213,-4.858397236300233,1.3854879843046642e-5,9.46379894225721e6,473242.55306548515,737.9740630579045,16.229247475216265,211.21992383744035,6.9760655510522405,7.675171108029168e-12,-0.08998019035536552,true,0,0
high_seed,215,214,-4.847859344095521,1.4195171893875844e-5,9.456598429298876e6,472883.20763499895,738.533633333213,16.24152362180957,211.38036266349454,6.975734993209963,8.119454747461805e-12,-0.08985360208675525,true,0,0
high_seed,216,215,-4.837321612740224,1.4543816528824062e-5,9.44921517988821e6,472514.74210777425,739.1082872164069,16.254130652009877,211.54512667408338,6.975395784925395,8.588808927392846e-12,-0.08972397790218442,true,0,0
high_seed,217,216,-4.826784051040294,1.4901018330389398e-5,9.441644399357794e6,472136.9171621328,739.6984673038213,16.267078273397367,211.71434280579473,6.975047685568434,9.081243916211797e-12,-0.08959124572478389,true,0,0
high_seed,218,217,-4.816246668306205,1.526698685611657e-5,9.433881158871029e6,471749.48677809484,740.3046311015908,16.280376520495054,211.88814227255534,6.974690447055783,9.614558229589823e-12,-0.08945533175073511,true,0,0
high_seed,219,218,-4.805709474383708,1.5641936756529203e-5,9.425920391215248e6,471352.19802728604,740.9272516306095,16.294035768030408,212.06666073924296,6.974323813579377,1.0182846978687675e-11,-0.08931616040356996,true,0,0
high_seed,220,219,-4.795172479686609,1.602608789558672e-5,9.417756886438143e6,470944.7908550169,741.5668180615041,16.30806674485476,212.25003850391704,6.973947521322727,1.0766636577378624e-11,-0.08917365428683693,true,0,0
high_seed,221,220,-4.784635695231723,1.6419665473694057e-5,9.40938528732057e6,470526.9978541882,742.2238363813834,16.32248054855888,212.43842068916922,6.9735612981645545,1.139626272229936e-11,-0.08902773413503651,true,0,0
high_seed,222,221,-4.774099132676167,1.6822900153289837e-5,9.400800084677998e6,470098.54403063504,742.898830094281,16.3372886608272,212.63195744315163,6.973164863368999,1.2070843150558373e-11,-0.08887831876271779,true,0,0
high_seed,223,222,-4.76356280435715,1.723602818703625e-5,9.39199561248271e6,469659.14655951405,743.5923409573342,16.352502963574906,212.83080415086124,6.972757927261681,1.2791171866018582e-11,-0.08872532501166137,true,0,0
high_seed,224,223,-4.753026723334464,1.7659291548629668e-5,9.382966042798342e6,469208.514532316,744.3049297548692,16.3681357559158,213.03512165630917,6.972340190890817,1.3545038104677302e-11,-0.08856866769601088,true,0,0
high_seed,225,224,-4.742490903435857,1.809293806624803e-5,9.373705380517626e6,468746.3486940454,745.0371771127577,16.38419977201257,213.24507649625232,6.971911345672551,1.4353954179030504e-11,-0.08840825954525425,true,0,0
high_seed,226,225,-4.731955359305524,1.8537221558646303e-5,9.364207457894294e6,468272.3411701153,745.7896843555096,16.40070819986354,213.46084114619623,6.971471073019623,1.5212303490449647e-11,-0.08824401114492014,true,0,0
high_seed,227,226,-4.721420106455939,1.89924019739062e-5,9.354465928858783e6,467786.1751824392,746.563074408833,16.41767470108575,213.6825942794512,6.9710190439524,1.6140848871821544e-11,-0.08807583087486567,true,0,0
high_seed,228,227,-4.710885161323287,1.9458745530841305e-5,9.344474263107361e6,467287.524754203,747.3579927505151,16.435113431756722,213.9105210400656,6.97055491869127,1.711701344165329e-11,-0.08790362484499606,true,0,0
high_seed,229,228,-4.700350541326775,1.9936524863051716e-5,9.334225739953434e6,466776.0544027523,748.1751084127408,16.45303906438341,214.14481333052603,6.970078346229295,1.8136974053481595e-11,-0.08772729682828578,true,0,0
high_seed,230,229,-4.689816264932119,2.042601916561561e-5,9.323713441929143e6,466251.41882000386,749.0151150391661,16.47146681107075,214.38567011518185,6.9695889638839805,1.9253583557154796e-11,-0.08754674819090605,true,0,0
high_seed,231,230,-4.679282351719546,2.092751434439676e-5,9.312930248124767e6,465713.2625397543,749.8787320003156,16.490412447968342,214.63329774041853,6.969086396826902,2.0444284337430292e-11,-0.08736187781931463,true,0,0
high_seed,232,231,-4.6687488224566405,2.144130316793808e-5,9.301868827252336e6,465161.219591209,750.7667055711831,16.50989234107975,214.88791027269144,6.968570257589863,2.169289099731073e-11,-0.08717258204409455,true,0,0
high_seed,233,232,-4.658215699176457,2.196768542190079e-5,9.29052163041948e6,464594.91313803114,751.6798101751573,16.529923473525123,215.14972985560567,6.968040145546169,2.3042431834593666e-11,-0.08697875456034704,true,0,0
high_seed,234,233,-4.647683005261293,2.2506968065997083e-5,9.278880883598559e6,464013.95510216197,752.6188496987245,16.55052347435447,215.41898708732424,6.96749564636549,2.4478622681889732e-11,-0.0867802863444255,true,0,0
high_seed,235,234,-4.63715076553259,2.30594653933517e-5,9.266938579774642e6,463417.94577159703,753.5846588818041,16.57171064901792,215.69592141969252,6.966936331440666,2.6005064077737245e-11,-0.0865770655667662,true,0,0
high_seed,236,235,-4.626619006347471,2.362549919221223e-5,9.254686470755856e6,462806.47339128505,754.5781047888689,16.593504011605912,215.98078158056555,6.966361757284717,2.7637797603891073e-11,-0.08636897750057645,true,0,0
high_seed,237,236,-4.616087755702447,2.4205398909912484e-5,9.242116058627453e6,462179.11373622564,755.6000883664964,16.61592331898286,216.27382602095682,6.965771464896169,2.9391837561813746e-11,-0.08615590442610377,true,0,0
high_seed,238,237,-4.605557043344905,2.4799501818973763e-5,9.229218586830692e6,461535.4296658173,756.651546093383,16.638989106946436,216.57532338874253,6.96516497909066,3.126129041397379e-11,-0.08593772553018691,true,0,0
high_seed,239,238,-4.5950269008930205,2.5408153185208707e-5,9.21598503084608e6,460874.97065843217,757.7334517293768,16.662722728556126,216.88555303080477,6.964541807796686,3.3256634664530924e-11,-0.08571431680080657,true,0,0
high_seed,240,239,-4.584497361964812,2.6031706437668995e-5,9.202406088458667e6,460197.2723251043,758.8468181706473,16.687146394786886,217.204805525659,6.963901441313118,3.5403393209529155e-11,-0.08548555091626106,true,0,0
high_seed,241,240,-4.573968462317117,2.6670523340251632e-5,9.188472169582473e6,459501.8559011856,759.9926994186412,16.71228321767528,217.53338324876316,6.963243351525981,3.769587899104083e-11,-0.08525129712863988,true,0,0
high_seed,242,241,-4.563440239995359,2.732497416474905e-5,9.174173385618951e6,458788.2277147134,761.1721926711784,16.738157256141363,217.87160097290862,6.962566991081797,4.0160027275356926e-11,-0.08501142114119378,true,0,0
high_seed,243,242,-4.552912735495032,2.79954378650955e-5,9.15949953832307e6,458055.878630171,762.3864405446938,16.764793564683142,218.219786506283,6.961871792514556,4.279502872410466e-11,-0.08476578497917345,true,0,0
high_seed,244,243,-4.54238599193595,2.868230225252475e-5,9.144440108148502e6,457304.2834662131,763.6366334374604,16.792218245159333,218.57828137102643,6.961157167323168,4.561847487778877e-11,-0.0845142468537129,true,0,0
high_seed,245,244,-4.531860055250383,2.938596417131224e-5,9.128984242041707e6,456532.9003858495,764.9240120444287,16.820458501893025,218.94744152534204,6.960422504995999,4.8661300069282326e-11,-0.0842566610182384,true,0,0
high_seed,246,245,-4.522878745280337,3.000000000000001e-5,9.11547356322821e6,455858.59723592125,766.0529326286503,16.84522266473811,219.27116516597027,6.95977928350403,1.857197252198062e-14,-0.08403196332562962,true,0,0
